"word","model_type","back","hurdle_place","theta_mean","theta_se_mean","theta_sd","theta_2.5%","theta_25%","theta_50%","theta_75%","theta_97.5%","theta_n_eff","theta_Rhat","lambda_mean","lambda_se_mean","lambda_sd","lambda_2.5%","lambda_25%","lambda_50%","lambda_75%","lambda_97.5%","lambda_n_eff","lambda_Rhat","mu_mean","mu_se_mean","mu_sd","mu_2.5%","mu_25%","mu_50%","mu_75%","mu_97.5%","mu_n_eff","mu_Rhat","phi_mean","phi_se_mean","phi_sd","phi_2.5%","phi_25%","phi_50%","phi_75%","phi_97.5%","phi_n_eff","phi_Rhat","psi_intercept_mean","psi_intercept_se_mean","psi_intercept_sd","psi_intercept_2.5%","psi_intercept_25%","psi_intercept_50%","psi_intercept_75%","psi_intercept_97.5%","psi_intercept_n_eff","psi_intercept_Rhat","psi_slope_mean","psi_slope_se_mean","psi_slope_sd","psi_slope_2.5%","psi_slope_25%","psi_slope_50%","psi_slope_75%","psi_slope_97.5%","psi_slope_n_eff","psi_slope_Rhat","alpha_mean","alpha_se_mean","alpha_sd","alpha_2.5%","alpha_25%","alpha_50%","alpha_75%","alpha_97.5%","alpha_n_eff","alpha_Rhat","waic","waic_scaled"
"could","gen","FALSE",NA,"1.91742170832777","0.00137451965255958","0.0896955562775812","1.74544766667135","1.85481282708748","1.91683481724498","1.97897001950939","2.09572199249358","4258.33621468112","0.999569617713515","0.335664901381","0.000732754015568395","0.047154657823682","0.24938139276946","0.302883887004618","0.333497592123662","0.36649199944349","0.432177184226606","4141.26270552258","0.999939120845444","5.77266576707797","0.00195935894400338","0.134203779124005","5.51312297694007","5.68374601072447","5.77259101114656","5.86178918498627","6.03705937751499","4691.38941613667","0.999069981494651","12.9314368993417","0.0397523601097528","2.59702666268212","8.86112906432055","11.0782145550118","12.6062753377206","14.4011009810245","19.1099688136242","4268.0252577158","0.99923896765768",NA,NA,NA,NA,NA,NA,NA,NA,NA,NA,NA,NA,NA,NA,NA,NA,NA,NA,NA,NA,NA,NA,NA,NA,NA,NA,NA,NA,NA,NA,"3867.61438888075","8.22896678485266"
"could","hurdle","FALSE","1","1.36091633997544","0.00517075761844865","0.304391659287532","0.768984319235192","1.1519840947453","1.35857393901138","1.57004679190947","1.95616164296332","3465.4300347704","1.00028293429129","0.33547091617053","0.00079022202205647","0.0448583094352664","0.247871805371102","0.304698314255969","0.335432739578582","0.367188434985349","0.420603432334726","3222.46009315867","1.00064033420183","5.7509489377613","0.00205542199059202","0.140023065820679","5.47511994584874","5.65700777848353","5.74710345424294","5.84435634434793","6.02705966866032","4640.84610878161","0.999794359510269","9.80528695826362","0.0230940647852469","1.51895426709278","7.20920337284648","8.74746271894405","9.66284756956517","10.6831083386309","13.1883025879366","4326.02113540953","1.00064090728966","0.838215233486816","0.00450528284304226","0.233782232113355","0.387237301948617","0.679840937428281","0.836751261312207","0.990812063851265","1.29038655488619","2692.64363364331","1.00069671100882","-0.232817802261045","0.000745712505350418","0.0391947468438833","-0.309868087534071","-0.259105032525354","-0.231995046897723","-0.205944922447001","-0.158348609662909","2762.56735302153","1.00078374771002","0.113068776571332","0.000215535774785748","0.014656588577335","0.0862466128198239","0.102544139254088","0.112692185564113","0.12281779189983","0.142788409280058","4624.09836609138","1.0002575677035","3885.36065587474","8.26672479973348"
"day","gen","TRUE",NA,"1.08444416303972","0.00247406428652438","0.135308512339049","0.83469654370836","0.989896618500471","1.0818709321282","1.17087786533342","1.36091988111758","2991.08171494329","1.00054579161752","0.89283461544835","0.00152225460240453","0.0784466279958087","0.714167714620154","0.844197523370766","0.907370376259625","0.957265817598079","0.996054754451719","2655.66915306166","1.00103589902793","6.21131707209303","0.00414705445042333","0.235499271968698","5.75974202671219","6.05197022266109","6.20335941398526","6.36804318161101","6.6938927992484","3224.77681292375","0.999542879486079","8.56709288315472","0.0352226112090016","2.1216380875869","5.35715152869515","7.06720791663633","8.28258697511823","9.69670674675467","13.4170042101476","3628.26925285448","1.00023589358457",NA,NA,NA,NA,NA,NA,NA,NA,NA,NA,NA,NA,NA,NA,NA,NA,NA,NA,NA,NA,NA,NA,NA,NA,NA,NA,NA,NA,NA,NA,"1528.55993068242","8.21806414345389"
"day","hurdle","TRUE","-1","3.01367031921413","0.00634130731205975","0.358267336449389","2.3475219748512","2.76021819420876","3.00717662900917","3.25769114658218","3.73038138386167","3191.95550678262","1.00050926086142","0.264116255857495","0.00192559842389468","0.10884926862901","0.0714751969664027","0.187191760886905","0.257893320999575","0.332826215955346","0.493299974430548","3195.35847479244","1.00046889373385","6.13195560321004","0.00449683296201047","0.264618593655983","5.61506577166495","5.9517551984416","6.1285628784129","6.30769885451497","6.65646479535347","3462.79835563632","0.999843289879879","6.29313424621593","0.0211633208138603","1.26810789430492","4.22470336766489","5.39652403971901","6.14340428084162","7.01440406995588","9.21694523264697","3590.41608954578","1.00008654123327","1.32073251346065","0.00683292091643171","0.360315078165549","0.632265529692042","1.07650699118505","1.30774114779698","1.56091793627369","2.06946117914658","2780.68685877973","0.999469407547167","-0.180613083204887","0.000994950515478328","0.0517996973770866","-0.286866230901172","-0.2151189378968","-0.179240720895021","-0.145488335457384","-0.0817932430946939","2710.51292372127","0.999484089960862",NA,NA,NA,NA,NA,NA,NA,NA,NA,NA,"1515.73137393663","8.14909340826144"
"did","gen","FALSE",NA,"1.57327626877762","0.000666830614547192","0.0488902731888352","1.47742715679642","1.54117098249979","1.57236837337763","1.60517559652436","1.67068962369194","5375.43812792043","1.00028144848347","0.340238364914284","0.000444198968703928","0.0295441319834353","0.284677213423356","0.320234669725654","0.338838299190837","0.359358023096821","0.401369821194309","4423.71742609899","0.999358227467532","5.49464291668223","0.00129611945457464","0.0837121923298953","5.32794940331185","5.43918386126373","5.49480804166052","5.54937739543924","5.66141302561427","4171.45317365333","1.00104266861159","10.2158400046159","0.0179243294487778","1.19740790663154","8.17514047988494","9.36925901251082","10.1172386044089","10.9486717781548","12.8378006344027","4462.70734614491","0.999552594238172",NA,NA,NA,NA,NA,NA,NA,NA,NA,NA,NA,NA,NA,NA,NA,NA,NA,NA,NA,NA,NA,NA,NA,NA,NA,NA,NA,NA,NA,NA,"9962.71341728407","8.05393162270337"
"did","hurdle","FALSE","1","0.746996257155862","0.00420728543570729","0.231975650177788","0.298939448738096","0.581188831730363","0.746965764475425","0.90288240470684","1.19960649583884","3040.05084574961","0.999670071228599","0.36082354331845","0.000492088487696205","0.0287850537792122","0.303358516278958","0.341602915011921","0.361637716190027","0.38087926967386","0.414549527167014","3421.74530883566","0.999724278121192","5.48476410482169","0.00129249639508443","0.0842324579311482","5.32217843978413","5.42756361805031","5.48578785071294","5.53965343927601","5.64966392975083","4247.17608117405","0.999636146435376","9.23753743369314","0.0129727010062456","0.927584311999825","7.59938361039883","8.56591852831451","9.19509216750106","9.82575406629625","11.1906028223971","5112.64893608694","0.999287168296754","0.354190634812291","0.00223918566576698","0.124498326028664","0.108591201782983","0.271529770495813","0.355596710115865","0.434319423352761","0.601498818703077","3091.34028524671","1.00057658751877","-0.154306083877298","0.000373942527673181","0.0208183815025177","-0.194641120619478","-0.168359712684719","-0.154219354123549","-0.140667029797192","-0.113056390218673","3099.44694731596","1.00088408561803","0.194801688299451","0.000167266415016407","0.0112592829108661","0.172867307676458","0.187271478080572","0.194757784538624","0.202441279836226","0.216605623720745","4531.10332525678","0.999708081392452","10073.9383164888","8.14384665843883"
"different","gen","TRUE",NA,"1.77761721711657","0.00611199085624221","0.237424984528589","1.41164472637488","1.60519990025609","1.74183994682366","1.91877125356188","2.32298423110444","1508.99376407732","1.00105809314367","0.700333567203455","0.00394792489986612","0.153606747890804","0.430012963436712","0.578709257224256","0.689225402461412","0.822692470503044","0.978014691431769","1513.84992541803","1.00038843661588","5.38397771113641","0.00372946281182552","0.219146491229109","4.96217611290381","5.2288532252814","5.38057058027839","5.53672350695333","5.82191485387114","3452.84021416298","0.999345170958838","10.3908345013708","0.0589318556405179","3.08326424833834","5.83426162406515","8.17727790456119","9.92436136022825","12.0276578905503","17.7188128717038","2737.29284113514","1.00060051149808",NA,NA,NA,NA,NA,NA,NA,NA,NA,NA,NA,NA,NA,NA,NA,NA,NA,NA,NA,NA,NA,NA,NA,NA,NA,NA,NA,NA,NA,NA,"1398.60883942121","8.13144674082098"
"different","hurdle","TRUE","-2","3.37627474309251","0.0142164015779804","0.605544585382326","2.19746961956634","2.96173811867753","3.37679942779411","3.78574113121939","4.52980090482806","1814.31580923596","0.999717658222555","0.30680066645467","0.00247769422567799","0.114724773213039","0.0999198347389571","0.229015527585902","0.302315066088666","0.37696059266814","0.542327005670801","2143.97145245723","1.00058744047089","5.31975245499532","0.00434697524963937","0.227887243647349","4.89645369608732","5.15907453067645","5.31639633187559","5.47322540153288","5.77722744916019","2748.30986119195","1.00086552185694","6.76354509631907","0.026631697480329","1.38464318981393","4.53724682493766","5.77904496178338","6.57350526569444","7.58101386093102","9.85127334304802","2703.19920036039","1.0004535547385","1.70014455630265","0.00890169841545196","0.308854047448113","1.07498074133795","1.49797115227922","1.70823182124403","1.91273506863819","2.27634748438828","1203.81802263348","1.00098811574639","-0.365952333278127","0.00170629955407748","0.0592465778911587","-0.481517403511777","-0.406558086470516","-0.366674451260284","-0.326391007116921","-0.246573215105801","1205.63538576583","1.00036078867054","0.219255825442697","0.000663828706884688","0.0305420504821122","0.160110075301409","0.198424753050878","0.218248926654235","0.239818783185095","0.279424913686048","2116.82191352211","1.00093234920571","1373.4972752218","7.98544927454533"
"do","gen","FALSE",NA,"2.02505957573528","0.00104672352437539","0.0509450909582343","1.93322740223585","1.98961062625674","2.02329045688066","2.0578646422146","2.13502925703424","2368.86719918017","1.00135130417142","0.58830745155254","0.000683211582051834","0.0360966985688499","0.524604386213722","0.564225502174278","0.585654235465851","0.610307313479954","0.665135034642742","2791.41575600462","1.00105919142786","5.89349527973372","0.000926889769215642","0.0564358361397824","5.78199474263584","5.85659886958009","5.89237383664729","5.92889378752871","6.00855691487247","3707.26602014556","1.00017937581118","11.9820243908003","0.0160726886036879","0.975391753349852","10.3083321392425","11.2983148815814","11.9237325719224","12.6109297802883","14.0952827668803","3682.82512691743","1.00101503011072",NA,NA,NA,NA,NA,NA,NA,NA,NA,NA,NA,NA,NA,NA,NA,NA,NA,NA,NA,NA,NA,NA,NA,NA,NA,NA,NA,NA,NA,NA,"22647.8500273777","8.42553944470896"
"do","hurdle","FALSE","1","3.14279301050216","0.0021011492387159","0.131053016455279","2.87613782874598","3.05768884464749","3.14459438557792","3.23100612324903","3.4014248504642","3890.27446644291","1.00044934609449","0.314669332941409","0.000376120679977959","0.0232184110802074","0.269230839163646","0.299444218439402","0.314590234173158","0.330114389688417","0.361238510700567","3810.75095364506","1.0001505301182","5.88727966656824","0.000838476695750495","0.058798414615291","5.77031728874834","5.84845524891188","5.88739976735005","5.9272688637401","6.0043730799814","4917.55515473109","0.999853828450493","11.2694910652168","0.0119725531096158","0.833756229357313","9.75524230472513","10.710706251598","11.2161125903689","11.79389615753","13.0787471340242","4849.58570680779","0.999795815711683","0.420429127241791","0.00178871580123937","0.0922428324065874","0.240699847507558","0.356598120499726","0.418212941307611","0.481094802891027","0.601406430000656","2659.39331586917","0.99946581775866","-0.15781215142611","0.000265699644994405","0.0147658592533015","-0.18748335309697","-0.167510291052703","-0.157812664122962","-0.147595955155373","-0.128704696557688","3088.4139157219","0.999302131335777","0.140231559496273","9.40098009732149e-05","0.0066202500856802","0.127377476798325","0.135827646143436","0.140060582369275","0.144557745424207","0.153756066303073","4959.09610395909","0.999167519973411","22814.9016217663","8.48768661524043"
"does","gen","FALSE",NA,"1.50333511769822","0.00113070787120353","0.0804346148037839","1.35029857812621","1.44744656848235","1.50147905320136","1.55806604954048","1.66616872988439","5060.40343457793","0.999821356036348","0.384428175061661","0.000882692271368744","0.0547904209298918","0.286776184562008","0.346236458793718","0.380395097509389","0.41787201598652","0.503868554552562","3852.92562608839","1.00132851398486","5.47124649405085","0.00198226852125763","0.135193405176512","5.20989777563072","5.38041583315427","5.46797742235738","5.56349142566522","5.73745687132642","4651.42524034435","0.999348306004965","11.0310093013063","0.0383134715901116","2.24252377646708","7.55248087674607","9.48231920228027","10.6944734782122","12.2372900495581","16.2339251523397","3425.87176111732","1.00008722296565",NA,NA,NA,NA,NA,NA,NA,NA,NA,NA,NA,NA,NA,NA,NA,NA,NA,NA,NA,NA,NA,NA,NA,NA,NA,NA,NA,NA,NA,NA,"3554.59955224798","8.04208043495019"
"does","hurdle","FALSE","1","1.44860446603347","0.00688792140146709","0.366104082265186","0.723046324501335","1.21013784096763","1.44345675709867","1.68732892347524","2.17817179940107","2825.09318604697","1.0013644047033","0.307300160902559","0.00103967446698205","0.0552481588820977","0.193895876572541","0.270756212404348","0.307086687991255","0.344610915124683","0.412528284375983","2823.84505418212","1.00146700579672","5.45186899834837","0.00205006420592254","0.142534866052707","5.17702482570016","5.35372404565206","5.45191012901587","5.54832746452169","5.73943817056249","4834.00725662439","0.999501925798052","8.56450812715721","0.0226039661138664","1.34747526549725","6.31372985072939","7.62906280211205","8.42356459829014","9.37785132011396","11.5653575624264","3553.6308279907","1.00069797083544","0.49297479850625","0.0042203172442088","0.209819362321082","0.0906813498784595","0.351129059608054","0.492634407345009","0.632687492036448","0.903099836453861","2471.72943099136","1.00062880471863","-0.188343154907775","0.000707932770895215","0.0358694694630571","-0.259612679044689","-0.212296118625461","-0.18876662450074","-0.163405508877641","-0.119210171518622","2567.23646553343","1.00020086926995","0.230347718803242","0.000321459463518947","0.0201382430307419","0.191401160891135","0.216514415179952","0.230093372242518","0.243910630574972","0.269107342272745","3924.55775050004","1.00032459851295","3601.40034098709","8.14796457236898"
"doing","gen","TRUE",NA,"1.6444547122568","0.00416950621549898","0.159485941104973","1.39340021373771","1.53760531040547","1.62159103632489","1.7246468186311","2.03443344065258","1463.1052199276","1.00069754054636","0.62681171349151","0.00319821934153129","0.128084752726133","0.432421284211529","0.534383731153682","0.60550677494489","0.697196385091024","0.93631605425081","1603.90402628751","1.00013522734495","6.23781692363618","0.00330415837871017","0.176312400360065","5.88867621416886","6.11834856430501","6.23859263857629","6.35494301569077","6.58836880081309","2847.37064678781","1.00008478487333","16.4189039107756","0.0941279145361066","4.50560068585659","9.7670199625259","13.2524682500721","15.6612918996429","18.6948322619132","27.4016557656975","2291.22914514724","1.00013566780464",NA,NA,NA,NA,NA,NA,NA,NA,NA,NA,NA,NA,NA,NA,NA,NA,NA,NA,NA,NA,NA,NA,NA,NA,NA,NA,NA,NA,NA,NA,"2252.97092365567","8.40660792408833"
"doing","hurdle","TRUE","-2","2.27341903764975","0.00680806858707173","0.397439810638945","1.5160809910258","2.02153442059982","2.27080459014795","2.53303073782296","3.08687254938594","3407.9631472892","1.00022141083484","0.287501404962132","0.00128116482258794","0.0721766234766262","0.143717483153589","0.238763442112012","0.288729358203008","0.335124912930035","0.427845052003202","3173.82598453265","1.00043299122001","6.19818390213913","0.00289172355369325","0.190410814700441","5.83643294285673","6.06855920964162","6.1924135066562","6.32296878330778","6.58613805812163","4335.80435857404","1.00060975999417","10.1981557645492","0.0273446422608281","1.89148580286773","6.99587916206839","8.8527267626262","10.0072694825598","11.3662598522673","14.5123080351774","4784.77675691293","0.999823030074718","1.1873841137712","0.00592284780227301","0.31230604818238","0.566506247990296","0.980431120133325","1.18997925411398","1.39743434092779","1.80483321336119","2780.35111630297","1.00008033893729","-0.348995349427812","0.000997091749333147","0.054184456132321","-0.455138886826271","-0.385069442528886","-0.349371991843038","-0.312857459499306","-0.240827579903396","2953.10706036158","0.999914506851891","0.249245962285077","0.000400416707958705","0.0265567517867259","0.198509835535661","0.230907139402304","0.249056108750025","0.267553515066114","0.302846578652801","4398.71199380269","1.00000283330394","2267.58881667883","8.46115230104043"
"down","gen","TRUE",NA,"1.7715556158504","0.0045000342377982","0.178066319874605","1.47428166027589","1.63600432742646","1.75523580708028","1.89171854543833","2.15372059733632","1565.78428596504","1.0026378647319","0.804218181045305","0.0029559344585019","0.116023638947508","0.582297207282506","0.71345355492894","0.810799925320854","0.900062183802593","0.989028095338472","1540.64778687638","1.0025501764874","5.75934510133335","0.00273797728310842","0.145195857900828","5.48336750312097","5.66031960361869","5.75873371612605","5.85701187928354","6.04216962931511","2812.21663765587","0.999517377725337","10.0673191624576","0.0340683625817893","1.87356288828208","7.08601279018957","8.73227225918052","9.86045861026485","11.1378169837526","14.4493283928785","3024.36378600608","0.999561118390504",NA,NA,NA,NA,NA,NA,NA,NA,NA,NA,NA,NA,NA,NA,NA,NA,NA,NA,NA,NA,NA,NA,NA,NA,NA,NA,NA,NA,NA,NA,"3469.8378015062","8.34095625362068"
"em","gen","TRUE",NA,"1.25826255023914","0.00256936698152972","0.114457407818098","1.04341953140813","1.17927409282027","1.25774468176513","1.33423290892366","1.48839186645124","1984.42885964596","1.0023304415994","0.897861505235329","0.0016279545355493","0.0723378112789864","0.73410203719099","0.851848712266356","0.90954947910502","0.956815277958427","0.996072545995152","1974.45019999425","1.00195011174447","5.95472107727753","0.00242962835950993","0.145110259075387","5.6722332705163","5.85627546811706","5.95586272430757","6.0536082365155","6.23765293238498","3567.11030056106","1.00109908053225","16.1489316950379","0.0699768304531539","3.78208972724428","10.4288137583455","13.4160837809538","15.583550010064","18.1929924367182","25.3136979329209","2921.15849088923","1.00030941508842",NA,NA,NA,NA,NA,NA,NA,NA,NA,NA,NA,NA,NA,NA,NA,NA,NA,NA,NA,NA,NA,NA,NA,NA,NA,NA,NA,NA,NA,NA,"3338.24908817535","8.00539349682339"
"even","gen","FALSE",NA,"2.2095053109959","0.00378063682718732","0.162001661157085","1.92027282195856","2.10116095658201","2.20049422742499","2.30542487224136","2.54937712486514","1836.15362602763","1.00093471538665","0.454002997715069","0.00317635902225005","0.118637177598575","0.270716524231243","0.372458519462672","0.4389097284752","0.512883656576091","0.747898569801531","1395.02645370571","1.0015372719081","5.98668571200312","0.00324035335118344","0.19261516682582","5.6110454568442","5.85213015287166","5.98279006113847","6.11806687936565","6.37328567906739","3533.42778398909","1.00011693318843","13.118117979929","0.0636646004553402","3.6219301533068","7.93136271470374","10.5661312622281","12.4644772210765","15.0473621899208","21.9041781303247","3236.56330643816","0.999891305219629",NA,NA,NA,NA,NA,NA,NA,NA,NA,NA,NA,NA,NA,NA,NA,NA,NA,NA,NA,NA,NA,NA,NA,NA,NA,NA,NA,NA,NA,NA,"2032.64367552566","8.54051964506581"
"every","gen","FALSE",NA,"1.83257123667075","0.0047269001134498","0.239637785412942","1.41044760460743","1.66256291191481","1.81845652334168","1.98845339145937","2.33061904981824","2570.14570461987","1.00202789113441","0.885688206618907","0.00154336994617657","0.0811172943932937","0.696699567695244","0.833666747668477","0.898362159344117","0.952422199701412","0.995612690565352","2762.40171675302","1.00066042558349","5.24340036186895","0.00516666713764317","0.303870951616605","4.68233096972945","5.02816726686031","5.2350411680785","5.43599393298571","5.87858458071266","3459.05450829561","0.999786530979755","3.82133454162596","0.0164453626275774","0.842780135708796","2.52021736527221","3.22813756523159","3.70932501476615","4.2973210232662","5.77918720651646","2626.28390952733","1.00055990119194",NA,NA,NA,NA,NA,NA,NA,NA,NA,NA,NA,NA,NA,NA,NA,NA,NA,NA,NA,NA,NA,NA,NA,NA,NA,NA,NA,NA,NA,NA,"1189.69121306527","8.37810713426243"
"every","hurdle","FALSE","-2","1.4618179100429","0.00446268456416179","0.265329065233652","1.00416666897058","1.27742756005635","1.43802419630818","1.62401998420456","2.04134076728697","3534.90114095324","0.999396931057346","0.863477795852444","0.00160165019562269","0.0961583611979949","0.649369574204189","0.802391878092919","0.881128376143707","0.941351220255001","0.992629122441559","3604.44799651094","0.999324063543826","5.11736730178264","0.00448277283687371","0.295140893701365","4.55325360449991","4.91082595250367","5.11316633179434","5.31643854365364","5.70896103752848","4334.76255007964","0.999686184046993","3.2603846858357","0.0101909550149046","0.630139303956337","2.20949339685149","2.8074930930807","3.20808488124463","3.64030536140328","4.63602120327017","3823.34394667383","0.99976979277797","1.29770493198271","0.00769295382482335","0.388503604607464","0.561496345418564","1.03635599912429","1.28059858770776","1.5438597913485","2.09765105070202","2550.37389173771","1.00012027173893","-0.386069318537608","0.00161460725811748","0.0795398126426915","-0.559139595119969","-0.434610483450066","-0.382649306703646","-0.330827450695035","-0.24261682374156","2426.80748892078","1.00003361453261","0.0774548730410445","0.000351269551594759","0.0223336496928052","0.0398695950607738","0.0613380432883593","0.0756983953330035","0.0914423191344529","0.126892692721485","4042.39164002824","0.999528294350864","1188.37343526456","8.36882700890535"
"everything","gen","TRUE",NA,"1.24510856378988","0.00328077882998899","0.174890273199701","0.928267183728281","1.11910873610125","1.236820796374","1.36239272151837","1.59792266068474","2841.69461666485","1.00061662070026","0.856156856851059","0.00194458589433213","0.101711082571528","0.628950666967433","0.79302062506018","0.872868081363944","0.940128948620785","0.992534589701862","2735.78706165063","1.00267017087641","4.52153421182079","0.00400496183820121","0.224897500680093","4.0822581012589","4.37306656232815","4.52126994966315","4.66803286693899","4.97232258325622","3153.35229912073","1.00045113443725","5.58854118119817","0.027272967689068","1.51649426730644","3.33969042134183","4.55815407431422","5.33715491893231","6.36083083243662","9.35779742886873","3091.83813784923","1.00120748352279",NA,NA,NA,NA,NA,NA,NA,NA,NA,NA,NA,NA,NA,NA,NA,NA,NA,NA,NA,NA,NA,NA,NA,NA,NA,NA,NA,NA,NA,NA,"1254.35426288681","7.55635098124583"
"everything","hurdle","TRUE","-1","3.34666007570538","0.00716273079081635","0.408782584114188","2.55209852002769","3.06671293320322","3.34434383809372","3.61892866092539","4.14427642827294","3257.07314820948","0.9995478624873","0.154413676416013","0.00159003854478425","0.103720781124621","0.00913799849552404","0.0749447197333446","0.138797112820882","0.217576775396912","0.389809307419373","4255.16350821438","1.0001366945381","4.44155423471556","0.00399201529528913","0.234241279816716","4.00598151576631","4.27908234500063","4.43469142787462","4.59805500356125","4.91706690241274","3443.04319518519","1.00000078971786","4.35147815080197","0.0154156367129893","0.912158977916127","2.91769685008472","3.70683007325382","4.23041850002034","4.84717202944623","6.42907821190597","3501.20983552602","0.99917489848167","0.739758158708914","0.00588035335948009","0.301504762409877","0.161565726190591","0.530641075888184","0.732731427642188","0.943411641775529","1.33240050956618","2628.94502368378","1.00017800296011","-0.12740544637671","0.0010925533063087","0.0568114187525717","-0.240657010777256","-0.165070420631718","-0.126852627541689","-0.0880085620872319","-0.0206754288284626","2703.87119294481","1.00043924981939",NA,NA,NA,NA,NA,NA,NA,NA,NA,NA,"1251.78296418208","7.54086123001254"
"first","gen","FALSE",NA,"3.35697318308439","0.00737828187168107","0.346613476927073","2.70894007269128","3.11769292370334","3.35588666920766","3.5846210175884","4.08169843383938","2206.88856623214","1.00079948760959","0.870109033971278","0.00198547142412309","0.0913956850567882","0.664777147057454","0.81146188962878","0.885167488421851","0.945083787378113","0.995926860544822","2118.96656059662","1.00016999548649","5.75620606115807","0.0039047499584246","0.222360516805661","5.33703833351843","5.60259833994974","5.75228936176427","5.90346702843539","6.21104834918096","3242.86516538208","1.00072148750734","6.74396561826781","0.0262457184373408","1.44327940252073","4.44701837656925","5.72726986621645","6.56839741716835","7.5256329786914","10.0213003320808","3024.01469024204","0.999830389629297",NA,NA,NA,NA,NA,NA,NA,NA,NA,NA,NA,NA,NA,NA,NA,NA,NA,NA,NA,NA,NA,NA,NA,NA,NA,NA,NA,NA,NA,NA,"1934.7345748767","8.67593979765337"
"five","gen","TRUE",NA,"2.06886161394941","0.00281728637882675","0.177291481244613","1.73359135297614","1.95087828522066","2.06241277114715","2.1811615775782","2.43635776867004","3960.16923836175","0.999476002957602","0.314566311878539","0.00148375938255768","0.093124034527313","0.155968845954724","0.250832105885329","0.307111866590298","0.368383768520679","0.525740703155121","3939.09640586756","0.99969951548205","5.22476184941047","0.00444748818844695","0.264450977856114","4.72979670202533","5.04696314848199","5.21308399797142","5.39669387636562","5.77863987311648","3535.58064496629","1.00037794877673","4.63755258421514","0.0183244041311592","1.06715706269618","3.02396493893405","3.86345287416499","4.47351658249892","5.26436133354963","7.09001053222465","3391.540155777","1.00001144275442",NA,NA,NA,NA,NA,NA,NA,NA,NA,NA,NA,NA,NA,NA,NA,NA,NA,NA,NA,NA,NA,NA,NA,NA,NA,NA,NA,NA,NA,NA,"1292.12788750146","8.23011393313032"
"for","gen","TRUE",NA,"2.52117687210881","0.00108392945036987","0.064147519364733","2.39885798324293","2.47610686883454","2.52066304130618","2.56420877468298","2.64850824078832","3502.33513208939","0.999511569415583","0.291533121458981","0.000418720334608092","0.0259497268140428","0.242605034957944","0.273985388893648","0.29099605300711","0.308910534264957","0.343345130335641","3840.76270317238","0.99945245932661","6.10853090975973","0.00131448771579853","0.0847118936821311","5.94862121160033","6.0511393127215","6.1070893160099","6.1657576394469","6.27610484185272","4153.13182884725","1.00006687535679","8.78953925120113","0.0144528746673642","0.85959932245052","7.27722119247657","8.21401809274431","8.73550463675992","9.30547509319272","10.620035877361","3537.39580013378","0.999882466022135",NA,NA,NA,NA,NA,NA,NA,NA,NA,NA,NA,NA,NA,NA,NA,NA,NA,NA,NA,NA,NA,NA,NA,NA,NA,NA,NA,NA,NA,NA,"11991.1355913569","8.53461607925756"
"for","hurdle","TRUE","-2","2.79366009134812","0.00279274145098765","0.164542498881501","2.46690232290034","2.68768454909056","2.79229704254878","2.90256231983628","3.11732752560551","3471.32051618717","0.999824304243111","0.210221574853331","0.00049513394265817","0.0286730510994025","0.152269709923561","0.191463682406561","0.21000431981882","0.229539572436291","0.264699280874781","3353.53172142009","0.9997416847491","6.09988482844488","0.0013118310153317","0.0866475762321917","5.93121890487878","6.04076173062866","6.09811960345941","6.15738304220378","6.27468990669499","4362.71706287448","0.999858902628761","8.24317176052082","0.0111659401606747","0.74886472632815","6.89363149814411","7.71374931162389","8.20954990706102","8.72039458130957","9.84596099165858","4497.9658822119","0.999794590365941","0.122599860621718","0.00232107302334401","0.12734788723376","-0.122405454940013","0.0382074905991365","0.12172615332479","0.206165924154402","0.378892342053512","3010.27297944923","1.00005065877895","-0.168441866473068","0.0003751740014328","0.0205949210137628","-0.209166512483295","-0.182282037022544","-0.168072975606682","-0.15454341514768","-0.127930706568657","3013.38617027512","1.0000465753007","0.0645331168038436","9.78784162214127e-05","0.0065585212494088","0.052526693117639","0.0598311329261153","0.0643652025310039","0.0688930561219175","0.0778009522493721","4489.913696182","0.999474068692813","12186.1163586561","8.67339242608977"
"four","gen","TRUE",NA,"2.146423558419","0.00555446718472207","0.225601176298478","1.78633250874448","1.99532256185721","2.12542269646269","2.26256953778498","2.68873585900982","1649.67316111278","1.0000012819366","0.488793146376304","0.00376664393499924","0.14772171475125","0.263672444215629","0.384349012712653","0.462440335676511","0.563207324155098","0.862088178667371","1538.08219576647","0.999727374098985","5.22710560592151","0.0046993204102486","0.274858233894284","4.70905187954203","5.03700967003008","5.22007282041967","5.40845925820091","5.78527393238965","3420.95521561458","1.00305040349495","4.11500226823452","0.0170041382169858","0.918488482603111","2.66767546860174","3.47329986932475","3.9856179641423","4.6174601875004","6.27214926182444","2917.68348256026","1.00033737436037",NA,NA,NA,NA,NA,NA,NA,NA,NA,NA,NA,NA,NA,NA,NA,NA,NA,NA,NA,NA,NA,NA,NA,NA,NA,NA,NA,NA,NA,NA,"1316.9722458742","8.33526737895061"
"from","gen","TRUE",NA,"2.45464318733978","0.00156082647845013","0.10008863766511","2.2678655434024","2.3843059729644","2.45077748926687","2.52377080919887","2.65186212831803","4112.06819087611","0.999796285730059","0.297083885704546","0.000764310621012424","0.0440405429207822","0.21737166213016","0.267187747502807","0.293890950541277","0.326237564115606","0.390482170237045","3320.2098914738","1.00297833724318","5.45544219513317","0.00184420852748101","0.126409310598279","5.21573903964637","5.36919660857597","5.45382705186237","5.54238255631081","5.70225878651768","4698.2711118223","0.999879299703887","7.09743172051606","0.0145762833858224","0.976811244888948","5.44220632576692","6.41651508168353","7.01397969732324","7.66524387546099","9.30458118147947","4490.84116401725","0.999948272226724",NA,NA,NA,NA,NA,NA,NA,NA,NA,NA,NA,NA,NA,NA,NA,NA,NA,NA,NA,NA,NA,NA,NA,NA,NA,NA,NA,NA,NA,NA,"4930.18746116216","8.25827045420798"
"get","gen","TRUE",NA,"2.967961077731","0.00150958811084445","0.0937979566806028","2.7860589127176","2.90565070781744","2.96747995124014","3.03167184568811","3.15106490781961","3860.73348060037","1.00005431621692","0.379722900919589","0.000683253801012545","0.0431609633010784","0.301981721635312","0.350540502499653","0.377856270989119","0.407143147914735","0.470143639907862","3990.41574418392","0.999845076105407","6.32165301866612","0.0013834676248214","0.0964126406667352","6.13742427225488","6.25861905639747","6.32330127589628","6.38542991662421","6.51665386663139","4856.57338032978","1.00011681075792","23.7501764525899","0.0690970573654388","4.60926014108972","16.3940244932191","20.5070318377764","23.2018009681511","26.3223336547525","34.3305202650679","4449.82913059323","1.00013295845289",NA,NA,NA,NA,NA,NA,NA,NA,NA,NA,NA,NA,NA,NA,NA,NA,NA,NA,NA,NA,NA,NA,NA,NA,NA,NA,NA,NA,NA,NA,"7574.02462844201","8.50058880857689"
"getting","gen","TRUE",NA,"2.76369316996764","0.00486471219243651","0.225338554546208","2.33402217882014","2.61098727585923","2.76229865700529","2.90845288894518","3.21999002581857","2145.63925118462","1.00106849357231","0.30251506340606","0.00300995910417816","0.118184777464085","0.113224888423218","0.224252416606648","0.289577989118625","0.362551497016921","0.563098546652781","1541.70717530008","1.00120986713488","6.07004292884056","0.00385784763334888","0.23343583006458","5.61978050214074","5.90999655260455","6.06701686784673","6.23331813548806","6.51904013209537","3661.38072758127","0.999580879977074","22.3612230146419","0.107760680986502","6.8224591020984","12.1204642864109","17.4405996176298","21.3717480543148","26.1621122614426","38.3197365786228","4008.30930980634","1.00004988900094",NA,NA,NA,NA,NA,NA,NA,NA,NA,NA,NA,NA,NA,NA,NA,NA,NA,NA,NA,NA,NA,NA,NA,NA,NA,NA,NA,NA,NA,NA,"1137.65052195544","8.24384436199593"
"go","gen","TRUE",NA,"2.68533537274006","0.00812043928568209","0.233630534547158","2.3449963639155","2.51116254964515","2.63565372335331","2.82786555382505","3.22922977186594","827.751846256578","1.0046919401492","0.771578103992343","0.00363786097751419","0.111838110903176","0.58261811098712","0.685496694921004","0.760184167504543","0.855526317285425","0.987767512706403","945.121077662182","1.00314525241153","5.97937146735365","0.00207135988316572","0.10775352471127","5.762148004472","5.90959607925131","5.97836133625163","6.05196217712916","6.19377030210133","2706.14989517745","1.0011570276326","9.10795647542445","0.0240382431465881","1.18056528966138","7.1101805783171","8.28509878299293","8.98935761790963","9.81040680570392","11.699497873084","2411.98483477801","1.000654806371",NA,NA,NA,NA,NA,NA,NA,NA,NA,NA,NA,NA,NA,NA,NA,NA,NA,NA,NA,NA,NA,NA,NA,NA,NA,NA,NA,NA,NA,NA,"7277.86352730297","8.66412324678925"
"god","gen","TRUE",NA,"1.79838257628404","0.00296720136633627","0.176487459099376","1.47623793410199","1.67306777126914","1.79192116953321","1.90965367162999","2.16459737228239","3537.80311970259","0.999336983520774","0.939700340599324","0.000852779266228725","0.0464941337522497","0.830805300673321","0.911725274115986","0.950459598101237","0.977449025241243","0.997425067654515","2972.50816211938","0.99978183662169","4.14925324482922","0.0031061134814854","0.196086427058448","3.77596222218893","4.01378522266498","4.14673835984437","4.28020568932555","4.54887890562324","3985.29458632639","0.999967644781985","2.11484847218082","0.00453016814499968","0.274102116839728","1.63580640167426","1.91920410917087","2.09223851368207","2.28318917713138","2.70948131781789","3660.96970670575","1.00038432656766",NA,NA,NA,NA,NA,NA,NA,NA,NA,NA,NA,NA,NA,NA,NA,NA,NA,NA,NA,NA,NA,NA,NA,NA,NA,NA,NA,NA,NA,NA,"2542.56100043339","7.72814893748752"
"god","hurdle","TRUE","-1","5.7493175196934","0.020557968180506","0.669432319589209","4.7214222862715","5.30254626269678","5.64799945362484","6.07349576146236","7.5102015865037","1060.35911184072","1.00232029601073","0.47511778145578","0.00536110473885077","0.177490083937977","0.18459333545383","0.346844066847973","0.45158410458603","0.580818897662632","0.900609601286455","1096.07331744958","1.00352849979208","4.08775018338587","0.00314667461602144","0.196516023815416","3.72581799579225","3.94698479025188","4.08415155039836","4.22005464110233","4.47977325169809","3900.24836221715","1.00041649202249","2.02300137903317","0.00451202349027791","0.263688784747481","1.55560726897328","1.83712916849006","2.00376266942845","2.17610638898769","2.61929182652643","3415.39244528258","1.00022440143778","2.03112918564799","0.00514974681209015","0.243693603438097","1.56061843837087","1.86217772360132","2.0247845212514","2.19090910716233","2.50493321049195","2239.32178323586","0.999581014934839","-0.41281408158623","0.00104905468061706","0.0492094309071245","-0.510602464746195","-0.446292154477707","-0.411805793040449","-0.378696835276979","-0.320321802830503","2200.39390602061","1.00069919749041",NA,NA,NA,NA,NA,NA,NA,NA,NA,NA,"2442.55822186947","7.42418912422331"
"goes","gen","FALSE",NA,"2.94120941238533","0.00448781861122488","0.226089389427257","2.52506934424868","2.78901844749134","2.93659727579424","3.08028599225919","3.38616969609955","2537.98921029291","1.00135218811532","0.296551983508904","0.00236076542003061","0.106518320949371","0.116879762419039","0.22815717223966","0.286430311091355","0.354364957104838","0.527914294253986","2035.83676917533","1.00061618687068","4.74904948783992","0.00301806968744834","0.19633086658958","4.37367542795355","4.62094726759714","4.74430520271975","4.87096313304069","5.16255307031278","4231.73672184895","0.999433112395592","9.00241009572685","0.0495311513583006","2.70122491433508","5.24130027522469","7.14308753946645","8.52155951129608","10.2690352631568","15.6328664520028","2974.16218006186","0.999885969704354",NA,NA,NA,NA,NA,NA,NA,NA,NA,NA,NA,NA,NA,NA,NA,NA,NA,NA,NA,NA,NA,NA,NA,NA,NA,NA,NA,NA,NA,NA,"1434.77884037329","7.79771108898525"
"going","gen","TRUE",NA,"2.45759159526095","0.00607164153343504","0.218776391141178","2.12230074102742","2.30982492377802","2.42220921048134","2.56473051007733","2.99778676264803","1298.34067154454","1.00462316830186","0.662947405626209","0.0033302892412815","0.125702806329126","0.46007100858115","0.571869610344313","0.644549674443086","0.739113753690324","0.95258953731438","1424.708574956","1.00348465400174","6.4085848254593","0.00323042763950299","0.161883120750599","6.09846316240032","6.29940595376009","6.40562405649361","6.51375239680494","6.73612286868823","2511.21039954742","0.999836004288806","13.0057718125863","0.0602055786657618","2.84950171378775","8.62205392938241","10.9892514855355","12.606007587803","14.5544493938618","19.5651229786879","2240.08436624783","1.00145728871614",NA,NA,NA,NA,NA,NA,NA,NA,NA,NA,NA,NA,NA,NA,NA,NA,NA,NA,NA,NA,NA,NA,NA,NA,NA,NA,NA,NA,NA,NA,"3182.79225241062","8.76802273391356"
"gon","gen","FALSE",NA,"3.29742541834433","0.00145419431929933","0.0772584039985502","3.14554571767441","3.24648792471492","3.2961952089761","3.35132028487561","3.44840029075205","2822.58206062346","1.0003411624404","0.014816812013944","0.000230548156965517","0.012616677258678","0.000564160574207166","0.00514669678604592","0.0114753246737809","0.021092768673644","0.0467638899446487","2994.79209374191","1.00053469377807","7.58108320927667","0.00162362844691091","0.101957552245966","7.39163761351121","7.50774684745513","7.57812351675786","7.65207576511754","7.78194409612723","3943.35156221568","1.00129040555098","62.5453540880939","0.18130125409911","11.1460356863083","43.7377796182755","54.8403040205502","61.3394868713531","69.1926532349401","88.3859967624766","3779.54257612915","0.999182207538017",NA,NA,NA,NA,NA,NA,NA,NA,NA,NA,NA,NA,NA,NA,NA,NA,NA,NA,NA,NA,NA,NA,NA,NA,NA,NA,NA,NA,NA,NA,"6589.76277780363","8.20642936214648"
"good","gen","TRUE",NA,"1.52216006234881","0.00370167362715319","0.152238237929717","1.2465088437282","1.40630948862247","1.52149822869406","1.63364319162961","1.812883156014","1691.4191667568","1.0003394771461","0.844073387456293","0.00253707624146899","0.104315628494828","0.62320200949291","0.77100241424624","0.858777111364952","0.931836891387777","0.991996408034207","1690.56440749939","1.00026153086242","4.15100380533783","0.00224826574307195","0.123560101842795","3.91505823005428","4.06668174366393","4.14854685407735","4.22997142304862","4.40179664999189","3020.37751724008","1.00129241235197","3.84461026642944","0.00840469321097678","0.471898123829534","3.02754214829675","3.51120533287648","3.80310556800683","4.1286503837185","4.88646051881828","3152.48312538634","1.00155926227157",NA,NA,NA,NA,NA,NA,NA,NA,NA,NA,NA,NA,NA,NA,NA,NA,NA,NA,NA,NA,NA,NA,NA,NA,NA,NA,NA,NA,NA,NA,"4269.66391565229","7.45142044616456"
"good","hurdle","TRUE","-1","1.48244681238285","0.00270951739833519","0.163967212800757","1.16106701787774","1.37000921653888","1.48221668783774","1.59154387710762","1.79883412590571","3662.09950547427","0.99982165747564","0.342388917929618","0.000755932838713589","0.0458076021115286","0.253437362138194","0.312092923454725","0.341658911070691","0.373214623408313","0.43303695066302","3672.05090068545","0.999748032622927","4.12811228121681","0.00217523733533617","0.127533865412514","3.88780866351571","4.04337828553331","4.12723628367534","4.21031217188357","4.38898033599227","3437.4607518041","1.00020075146108","3.63795408552587","0.00688966244520018","0.427584132623367","2.89447722801286","3.33331814467616","3.60874612971843","3.90584142525193","4.52156153939451","3851.65404566059","0.999957366374961","2.00710890576401","0.004008854034265","0.215674658892071","1.58616640004969","1.85880544494516","2.00907192402894","2.15235680441107","2.4323019941125","2894.39468920129","0.999787482587939","-0.590395654057568","0.00102802608997707","0.0546017836658836","-0.698706006925121","-0.626767199596468","-0.589173180280359","-0.553718985564714","-0.485029199938277","2821.01494300946","0.999928464581642",NA,NA,NA,NA,NA,NA,NA,NA,NA,NA,"4279.11078958043","7.46790713713861"
"got","gen","FALSE",NA,"2.46606484448312","0.00136582374435638","0.0811006135748246","2.31057177610822","2.41160072335721","2.46545543053549","2.52207683261581","2.62475577514509","3525.8104680227","1.00073330443382","0.169224170551278","0.000537953154710998","0.0319563482111681","0.107077878794749","0.147307360740403","0.16877128223173","0.190078732262017","0.233332395245235","3528.78640981407","1.00007860693727","5.66161859396504","0.0015778473092619","0.0970625567755344","5.47732328886699","5.59613296751576","5.66127832161277","5.72602390332444","5.86419778108114","3784.19499613538","0.999849784857584","26.7999490446619","0.0949790309258734","5.66704879420214","17.7580544209046","22.7725157724038","26.0534503975896","29.993501300339","40.0267152253657","3560.06916651583","1.00043663478948",NA,NA,NA,NA,NA,NA,NA,NA,NA,NA,NA,NA,NA,NA,NA,NA,NA,NA,NA,NA,NA,NA,NA,NA,NA,NA,NA,NA,NA,NA,"6060.62516547423","7.95357633264335"
"guess","gen","FALSE",NA,"1.86152220157828","0.00251895906258638","0.161336444800485","1.56416229688072","1.75094948434226","1.8544073828965","1.96392677694053","2.2003088396425","4102.25588020479","1.00091903653024","0.315530859355287","0.00128815495286798","0.0780350700900244","0.183210416608882","0.26057860526436","0.30913265126426","0.362519577477023","0.494121987863025","3669.80877000967","0.999824747685197","5.16235548239305","0.0039685584380903","0.270366031093368","4.66756554481911","4.97636111343205","5.15049206969399","5.34016326309767","5.71843352241791","4641.28985877012","0.999148089030706","3.85321193705273","0.0123277173947032","0.802694642083644","2.56207374159096","3.28660285474476","3.75541074518542","4.31776581472309","5.69805704045768","4239.70255099044","1.00096020392717",NA,NA,NA,NA,NA,NA,NA,NA,NA,NA,NA,NA,NA,NA,NA,NA,NA,NA,NA,NA,NA,NA,NA,NA,NA,NA,NA,NA,NA,NA,"1264.41643211853","8.10523353922133"
"guess","hurdle","FALSE","1","2.40750446897468","0.0143719737259742","0.764090018959953","0.903846460633928","1.89339280541454","2.41035486120047","2.88760897248933","3.9993492439554","2826.54708378811","1.00061817209222","0.408214900827583","0.00187791758676044","0.106063930022658","0.209902291323153","0.337066503787698","0.406598894735846","0.474924764817102","0.62239381337678","3189.93895377803","1.00060216849832","5.05093892944658","0.00440813527651102","0.288916863379096","4.50581475010836","4.85511646329583","5.04783770609371","5.24317650447406","5.63208204853795","4295.71989636716","0.999889698420802","3.33624154352426","0.0103884818627224","0.611457760777228","2.32129846908916","2.89273523180233","3.27191243673905","3.69962384735532","4.70947147950778","3464.40575464956","1.0014354773254","1.27900488766033","0.00616358761921821","0.320621930154906","0.673028252209187","1.05748926274097","1.26767956525853","1.49566885845796","1.92536094708864","2705.94708857287","1.00155169467385","-0.152309676082893","0.000965115970850764","0.0497165213966318","-0.25525901700689","-0.184779478887682","-0.150825122843571","-0.118502376118799","-0.0588308374270968","2653.64279935683","1.0013650163069","0.081606312021824","0.000336913981247985","0.0217573820898538","0.0437307224114","0.0661568302645659","0.0800885683561098","0.0955178709782221","0.126472745861325","4170.37597344394","0.999529547837684","1226.25457639402","7.86060625893604"
"guy","gen","TRUE",NA,"1.91952945621924","0.00416415277870521","0.20663903932969","1.52858760206883","1.7783749935573","1.91338432935238","2.05086637667651","2.35312099553028","2462.47277868222","1.00120965444587","0.906134107113322","0.00147513557429676","0.0690978065739118","0.747171656913186","0.862199487375199","0.919355485293971","0.961933463607468","0.996616728094284","2194.1415909668","1.00256397206538","5.79727376705889","0.00357768818391423","0.215695769434554","5.3854297741492","5.65398299139334","5.79273400481841","5.93539715727533","6.24028436734875","3634.78126602011","0.999423896830833","9.41932886471844","0.0392090861297162","2.3854257307209","5.85408612987831","7.7096045623867","9.10255359609943","10.7669589071384","15.0821046159231","3701.33470163815","0.999518678348052",NA,NA,NA,NA,NA,NA,NA,NA,NA,NA,NA,NA,NA,NA,NA,NA,NA,NA,NA,NA,NA,NA,NA,NA,NA,NA,NA,NA,NA,NA,"1743.57368699151","8.50523749751957"
"had","gen","FALSE",NA,"2.32554610636577","0.00114002871170832","0.0728569494363275","2.18470489477196","2.27519458991293","2.32520094829269","2.37540933003977","2.47120428071715","4084.23185055164","0.999808260335","0.347800150930587","0.000539539773149749","0.0350587825249339","0.280284213219939","0.3248013785237","0.347091919552776","0.370030766278008","0.420492249176033","4222.27709027573","0.999569310931574","6.01090368366686","0.00136749471124159","0.0924267105580916","5.83171864473068","5.94784149577434","6.00843235057862","6.07221255591444","6.19675280110895","4568.18499557691","0.999758765224504","15.1213118315026","0.0375065049048143","2.32118512657235","11.259406563661","13.4990640866197","14.8496025884421","16.5666095161081","20.2407623210447","3830.06696048376","1.0001034462346",NA,NA,NA,NA,NA,NA,NA,NA,NA,NA,NA,NA,NA,NA,NA,NA,NA,NA,NA,NA,NA,NA,NA,NA,NA,NA,NA,NA,NA,NA,"7845.94430061251","8.3645461626999"
"had","hurdle","FALSE","1","1.9702014372155","0.0032630429630118","0.192254901718121","1.59099277022487","1.84095751293781","1.97035481375503","2.09944300529472","2.34621368350401","3471.43676582451","0.999633635390713","0.323590107171284","0.000509396719207582","0.0302320774559964","0.26607445864838","0.302547891006367","0.323574251884829","0.344075209870993","0.383115396336164","3522.27853450698","1.00062982350923","5.99620158676166","0.00130164741642381","0.0962670420880256","5.81373689910705","5.93094872304229","5.99432101717201","6.06176668784245","6.18440430635359","5469.76331653691","0.999582356931351","12.2669433019626","0.0235443171928764","1.52820281709102","9.68011546859992","11.1728641626584","12.133785513348","13.2044497574253","15.6589781455308","4212.98382583632","0.999253994758016","0.841385414423533","0.00314111228784847","0.179499019620242","0.48673132169429","0.724762375542796","0.842101768518338","0.962552089911848","1.1912679798029","3265.55677135873","1.00042171928151","-0.251273349401877","0.00053424723131009","0.030278054551409","-0.31052518382371","-0.271390715467149","-0.2515054774383","-0.230881505755063","-0.192260901204599","3211.96921326946","1.00039966525902","0.0449952317264379","9.32516122649206e-05","0.00670405878020521","0.0329035963994509","0.0402677141021675","0.0446022460444885","0.0493883358385512","0.0593345715835281","5168.48105201272","0.999514743751015","7819.27202033318","8.33611089587759"
"has","gen","FALSE",NA,"2.15811603669465","0.00173185808491672","0.114848198737037","1.93483602984622","2.0800388644887","2.15447554946292","2.23399021447329","2.3816553567481","4397.68150989895","0.999449465987721","0.384600658888154","0.0010709419915721","0.0645332106733627","0.269559208959106","0.341001119571072","0.379915189874914","0.4249364204824","0.51881134245232","3631.07024316215","0.99970046180506","5.8841189171431","0.00246455483073606","0.156026639683302","5.57925609688827","5.78039950282207","5.88259318510558","5.98856457728202","6.19291109289286","4007.93381527085","1.00064715492854","11.5787935531557","0.0377441770356137","2.39849154009749","7.94263637242586","9.87090687833217","11.221695168293","12.9371556860909","17.3226413123482","4038.09433888265","0.999612953137283",NA,NA,NA,NA,NA,NA,NA,NA,NA,NA,NA,NA,NA,NA,NA,NA,NA,NA,NA,NA,NA,NA,NA,NA,NA,NA,NA,NA,NA,NA,"3022.4123304839","8.39558980689973"
"has","hurdle","FALSE","1","2.07780109159235","0.00608833114942628","0.327075190553426","1.43657598980758","1.85859965668326","2.07923560302136","2.30369250668573","2.71925779314041","2886.01559860059","0.99955251612057","0.284778013404986","0.000967097940005871","0.0547619881460052","0.178100969008209","0.247737764534133","0.284777013769086","0.322258917029334","0.390887024280679","3206.39850523238","0.999364780785504","5.85120398237369","0.00243567703564679","0.160493498623263","5.54530258373115","5.7406916954784","5.85060835663459","5.95890323894356","6.17428221270352","4341.85670104551","0.999610932028078","8.72897231945878","0.0199582724870064","1.36469952109964","6.38252029382542","7.77549548433956","8.60170097386519","9.54909895860329","11.7371367227015","4675.50130910083","0.999637875673802","0.751051727399724","0.00498427290315474","0.269473392627285","0.221511860793409","0.571160686115154","0.753391439939896","0.926350951446829","1.26993909331254","2922.99554785318","0.999291666125826","-0.264816708700428","0.000825697046644753","0.04598144775052","-0.355719661305815","-0.294954744180703","-0.264008197427037","-0.233588140906609","-0.176727227347559","3101.1574738397","0.999221861622506","0.111584372966699","0.000260722500395904","0.0168978353000921","0.0807240273462531","0.0998171773516961","0.111002063138109","0.122527868067709","0.146895384896545","4200.53996139437","1.00022882227257","3068.0773377484","8.52243704930111"
"have","gen","FALSE",NA,"2.73458789278709","0.00100652663172542","0.0583780095247227","2.61996609096384","2.69543095572793","2.73407893832218","2.77233389769591","2.84997685980949","3363.93832940493","0.999797218188765","0.22183632561081","0.000381177110782429","0.0227721214800389","0.177243308838307","0.206320726499064","0.221379247292374","0.237280204456094","0.267970262964906","3569.05594897006","0.999884269540687","6.19452429831241","0.000931351599250158","0.0616087039532389","6.0724235936364","6.15284712975278","6.1940180637911","6.235578054448","6.31722076137894","4375.79347362442","1.00010603595295","30.8984117640252","0.0874325217736642","5.11188498453526","22.7253376122237","27.2971261288618","30.274068987537","33.8977030637752","42.5968442159767","3418.34693593624","0.999802871934637",NA,NA,NA,NA,NA,NA,NA,NA,NA,NA,NA,NA,NA,NA,NA,NA,NA,NA,NA,NA,NA,NA,NA,NA,NA,NA,NA,NA,NA,NA,"15771.8823018396","8.29226198834889"
"he","gen","FALSE",NA,"0.957210588502943","0.00053388071240024","0.0286744432163367","0.904933172657663","0.937551633760652","0.955679866290801","0.97537206915964","1.01658262043042","2884.70578140503","0.999773856130615","0.591206886769379","0.000724957293917019","0.0369960176732406","0.526812555567703","0.56511807224533","0.588948430793324","0.613628322524243","0.66991362919252","2604.26460869012","0.999104353500937","5.11957117536002","0.000858235546850445","0.0539558395950249","5.01475664653893","5.08249498689382","5.12016260974938","5.15548736081469","5.2241316858521","3952.42750563549","0.999251062971716","7.96108937681135","0.0094273493449295","0.542382947085048","6.99438158267289","7.57874752123771","7.9353239915924","8.30178094716199","9.12349513965424","3310.03702300579","0.999710709081817",NA,NA,NA,NA,NA,NA,NA,NA,NA,NA,NA,NA,NA,NA,NA,NA,NA,NA,NA,NA,NA,NA,NA,NA,NA,NA,NA,NA,NA,NA,"23472.8154815812","7.60130035025297"
"he","hurdle","FALSE","1","2.0763745091226","0.00304463818859011","0.172774449020794","1.73712077635974","1.95861403561792","2.08158748586197","2.19277233483994","2.40840398138213","3220.23564232123","0.999432229207717","0.298028052826508","0.000487782601644403","0.0289262690587546","0.240664582259369","0.278504688405432","0.298049144509152","0.317761242062834","0.354056176457382","3516.67497962311","0.999422122310485","5.11504861552721","0.000779853280318739","0.0528960898215553","5.01037599817691","5.07916247918937","5.11459896659506","5.15170360107746","5.21878609907695","4600.67263931812","0.999604058914363","7.71440398651089","0.00741590168242687","0.50241655686188","6.79464624951135","7.36202790763852","7.6851480617428","8.040900935557","8.74870093520116","4589.86549604951","0.999684797269548","0.0852428543435996","0.00129416557065016","0.0721733749345401","-0.0557808932786926","0.0379010926864329","0.0854246254548721","0.13350192265808","0.225465597659037","3110.09993584692","1.000123530972","-0.156312799090699","0.000213255214655122","0.0122835453610167","-0.180537479568781","-0.164643693176239","-0.156205026491089","-0.147937722315402","-0.132710907059876","3317.78430726145","1.0002369570446","0.448482272482303","0.000144118816230326","0.00899052355678816","0.431145144745961","0.442426899048409","0.448543518507867","0.454627874123929","0.466280399206939","3891.60357899754","0.999418248479035","23739.5757862098","7.68768645926482"
"her","gen","TRUE",NA,"1.66148288164837","0.00420101246042877","0.153881652500739","1.40691982412416","1.54551530680358","1.63898064949287","1.76155441880728","1.99416048162867","1341.73189439958","1.00045060137048","0.791592562214809","0.0029510642174576","0.109898971493573","0.59545518378317","0.706138574120241","0.785954859169453","0.87873302942648","0.986521362734905","1386.85142049377","1.00020895817814","5.82290659628838","0.00235444880078299","0.119528641706233","5.59487767631715","5.74129381976959","5.8215883485183","5.90379025786149","6.06031703084774","2577.30292700503","1.00107116095494","11.1129183454849","0.0368775048302291","1.86998268793396","8.13941106146403","9.78657520637605","10.8788719934058","12.2121416133702","15.5268929581015","2571.29623961811","1.00009408062912",NA,NA,NA,NA,NA,NA,NA,NA,NA,NA,NA,NA,NA,NA,NA,NA,NA,NA,NA,NA,NA,NA,NA,NA,NA,NA,NA,NA,NA,NA,"5207.41501102926","8.29206211947335"
"her","hurdle","TRUE","-2","2.81338114328121","0.0049309740602164","0.284174354044914","2.25965518197046","2.62139324574663","2.81780710873932","3.00564492025921","3.36507417580912","3321.27110507174","1.00148566062068","0.264164895118484","0.000873586620660539","0.0525873330802199","0.160268326824537","0.228113215205868","0.263267406036871","0.30024688534389","0.367934784051258","3623.68422189738","1.00093161234419","5.80334167114722","0.00169851397330554","0.123670978910649","5.56613597112841","5.72137814157127","5.80216048345389","5.88367595938697","6.05005452537805","5301.48270240803","1.00082007680181","9.17408267697426","0.0177210081954166","1.20369467007543","7.16171662437432","8.323125667214","9.04788197256513","9.93639234455237","11.7937325718173","4613.76873915758","1.0001603387477","0.612054011747724","0.00374006782160124","0.203711255266843","0.206202848467151","0.470432437629058","0.613683625966121","0.749137822442141","1.0111089333163","2966.68266851234","1.00071179675649","-0.278592100978188","0.000663904631025668","0.0364717212729269","-0.351860942447251","-0.303406702137062","-0.27715888075885","-0.25356737748106","-0.209156020859315","3017.87414473233","1.00039243607254","0.306531144977894","0.000267925367009099","0.0180467754902872","0.271386060872159","0.294219559666361","0.306143954173281","0.318797254492257","0.341723411354004","4537.02907640732","0.999973577350977","5272.60579425564","8.39586909913318"
"here","gen","TRUE",NA,"0.723545124165373","0.00115498084712131","0.0554963387012113","0.617035885904079","0.685468676439394","0.722337832958663","0.760396052902825","0.832572208205162","2308.7616463559","1.00146942235042","0.933409235342443","0.00098952683958799","0.0483525398782544","0.819063938087917","0.903777337689618","0.943389489667967","0.971403141320964","0.997449422297949","2387.72016318005","1.00072814265022","5.25304588643438","0.00203073722913397","0.112260317231502","5.03699849890028","5.176119893787","5.25225894228114","5.328630802304","5.4795479779206","3055.94172902488","0.999449864735516","5.4688805570006","0.0100378681057888","0.581562093169561","4.45396341154519","5.05624422202364","5.42652964680504","5.82886886072639","6.73989832937138","3356.67436761722","1.00027660499782",NA,NA,NA,NA,NA,NA,NA,NA,NA,NA,NA,NA,NA,NA,NA,NA,NA,NA,NA,NA,NA,NA,NA,NA,NA,NA,NA,NA,NA,NA,"5922.01742505565","7.3932801810932"
"here","hurdle","TRUE","-2","3.68106407072799","0.00435352263899791","0.274537901810392","3.11600582068287","3.49937599871573","3.68941269393444","3.8669364234092","4.20605937843681","3976.70161823488","0.999926064596598","0.0519309459622929","0.000694490864033305","0.0404290582865079","0.00157353741188418","0.0201947087133498","0.0427692397187357","0.0749993695502518","0.148556907444765","3388.86428511725","1.00098724624836","5.23829279687499","0.0017547395718771","0.112857719228394","5.02545852291299","5.16286559278079","5.23497824521389","5.31247865461979","5.4679729013745","4136.53971349296","0.999962796137651","5.19762381559986","0.00807293365738216","0.536441761875423","4.24006413586783","4.83137765819334","5.17251501567117","5.53222060299512","6.34075161138375","4415.525461861","0.999893337074682","-2.14457579620791","0.00507702443845239","0.271835476321221","-2.68498130695252","-2.32705917695259","-2.13447545896061","-1.95812558116601","-1.6390211186388","2866.7760064132","1.00042131239746","-0.084733714309432","0.000771468374125566","0.0426749303860893","-0.169497640356716","-0.112252880802947","-0.0848922396444405","-0.0550201815870662","-0.00198530978717937","3059.91518211236","1.0003299879658","0.674611328363425","0.000254210067866508","0.0167040249054354","0.642148487037956","0.663568840180278","0.674783605888196","0.685870342228525","0.706841104345947","4317.74275914516","1.0014566184313","5910.17327864723","7.37849348145722"
"him","gen","TRUE",NA,"1.2925829790716","0.0019762801870914","0.0911649683384982","1.11569144240351","1.23147539660583","1.29356159662931","1.35409119296706","1.47303542911164","2127.93784032983","1.00031234844377","0.930351353369464","0.00119250742988357","0.0530624747244108","0.805146070719016","0.898281457886109","0.940921446571952","0.973621604555049","0.997828421698083","1979.94357721789","1.00039861821726","6.1134738693047","0.00206296916021648","0.1124517231773","5.89243247669457","6.03988561477773","6.11153420928397","6.18798514641026","6.33704369603066","2971.30174722865","1.00090985621922","17.9355686872093","0.0650716815645416","3.43283978486903","12.5329223110035","15.446014185789","17.5233436370025","19.9531441840099","25.6661197359989","2783.06282363367","1.0010737858005",NA,NA,NA,NA,NA,NA,NA,NA,NA,NA,NA,NA,NA,NA,NA,NA,NA,NA,NA,NA,NA,NA,NA,NA,NA,NA,NA,NA,NA,NA,"5462.62330781082","8.08080370977931"
"him","hurdle","TRUE","-2","2.67287989602838","0.00545743621575649","0.281636675181296","2.13280281085539","2.47273616847359","2.67891957281683","2.86850966021942","3.22268883345212","2663.18343130818","0.999950057706315","0.240705832710458","0.00102586309141013","0.0538209916689968","0.13700888657222","0.203729530171489","0.240921319389563","0.277590113524695","0.34596242402421","2752.48259223638","1.0001192547328","6.098859413957","0.00164991134484015","0.111759609597783","5.88344149889756","6.02385159218957","6.09858616863953","6.17161494633917","6.32701167795842","4588.26543751166","0.999942227924137","12.9357373293378","0.0271721908976908","1.82952583211674","9.87728626121569","11.5917166992702","12.7544537567098","14.1109625736558","16.8992035666406","4533.43901351211","0.999595852310429","0.326432282437898","0.00522697850275162","0.265078327139338","-0.211047637641194","0.149090371531029","0.335531840094612","0.514507735935065","0.809917433004757","2571.85816713385","1.00168099780791","-0.361451268904582","0.0009327419898373","0.0476779646664019","-0.453933321212479","-0.393306561512641","-0.360881376408737","-0.329301561671458","-0.268243948218152","2612.8372482083","1.00119695588145","0.470035001374403","0.000294523197789151","0.019647072409177","0.431306895610465","0.456235696499824","0.470320883711278","0.483871873469141","0.507669526382961","4449.96583958016","0.999390500886842","5491.89042677164","8.12409826445509"
"how","gen","FALSE",NA,"1.36501356651422","0.00240769531080146","0.110209225897764","1.1561245289759","1.28830372314669","1.36440635488754","1.44112829396577","1.5816649766468","2095.23552993469","0.999517724640654","0.904680670479125","0.0014850606902028","0.0679407810170312","0.750176293847965","0.862619126815844","0.917934061692219","0.960226335761147","0.995537997460211","2093.01656359956","1.00041790572339","5.699854766452","0.00212111310736086","0.11985720456215","5.46921918665303","5.6187179858753","5.69796502032207","5.77850507117822","5.93773792467996","3193.01260816441","0.999982033080948","11.8951945477239","0.0401735496211617","2.1216312710101","8.48223218691878","10.3989833489839","11.6569319636522","13.1084442271471","16.7667787821878","2789.06992655337","0.99971596830392",NA,NA,NA,NA,NA,NA,NA,NA,NA,NA,NA,NA,NA,NA,NA,NA,NA,NA,NA,NA,NA,NA,NA,NA,NA,NA,NA,NA,NA,NA,"4766.26983336022","8.06475437116788"
"how","hurdle","FALSE","0","2.68411870339479","0.00378894859271968","0.195256598243488","2.29976384424495","2.55475289917221","2.68692408877459","2.81809780594441","3.06226167070653","2655.66941355662","0.999980311546568","0.141036396061603","0.00111740023148899","0.0560052426574632","0.0355504975354847","0.102463462784961","0.140295259578842","0.177685594843989","0.25212258473672","2512.11694251149","1.00094961385578","5.67681470640413","0.00193190065162872","0.122240504727163","5.43351347605592","5.59534211547166","5.67572918586913","5.75654060454184","5.92300120174341","4003.69228249684","0.999855839993081","9.47047771692327","0.0219352352987468","1.33538945225775","7.2260726419157","8.51472676543655","9.37117046869598","10.2884932018692","12.3963925608283","3706.22079341031","0.999485393955481","2.10096502117965","0.00439447527565269","0.239585202045682","1.63684060467975","1.94080000985561","2.09631010236683","2.25527358087997","2.58271982060456","2972.39094792675","0.999312962543918","-0.405833180279397","0.000771987040382582","0.0408343569976378","-0.488654029047706","-0.432617471272616","-0.404593560840785","-0.377869213287896","-0.327939189508104","2797.89507073972","0.999282316349852",NA,NA,NA,NA,NA,NA,NA,NA,NA,NA,"4670.32699543051","7.90241454387565"
