"word","model_type","back","hurdle_place","theta_mean","theta_se_mean","theta_sd","theta_2.5%","theta_25%","theta_50%","theta_75%","theta_97.5%","theta_n_eff","theta_Rhat","lambda_mean","lambda_se_mean","lambda_sd","lambda_2.5%","lambda_25%","lambda_50%","lambda_75%","lambda_97.5%","lambda_n_eff","lambda_Rhat","mu_mean","mu_se_mean","mu_sd","mu_2.5%","mu_25%","mu_50%","mu_75%","mu_97.5%","mu_n_eff","mu_Rhat","phi_mean","phi_se_mean","phi_sd","phi_2.5%","phi_25%","phi_50%","phi_75%","phi_97.5%","phi_n_eff","phi_Rhat","psi_intercept_mean","psi_intercept_se_mean","psi_intercept_sd","psi_intercept_2.5%","psi_intercept_25%","psi_intercept_50%","psi_intercept_75%","psi_intercept_97.5%","psi_intercept_n_eff","psi_intercept_Rhat","psi_slope_mean","psi_slope_se_mean","psi_slope_sd","psi_slope_2.5%","psi_slope_25%","psi_slope_50%","psi_slope_75%","psi_slope_97.5%","psi_slope_n_eff","psi_slope_Rhat","alpha_intercept_mean","alpha_intercept_se_mean","alpha_intercept_sd","alpha_intercept_2.5%","alpha_intercept_25%","alpha_intercept_50%","alpha_intercept_75%","alpha_intercept_97.5%","alpha_intercept_n_eff","alpha_intercept_Rhat","alpha_slope_mean","alpha_slope_se_mean","alpha_slope_sd","alpha_slope_2.5%","alpha_slope_25%","alpha_slope_50%","alpha_slope_75%","alpha_slope_97.5%","alpha_slope_n_eff","alpha_slope_Rhat","waic","waic_scaled"
"'d","gen","FALSE",NA,"2.06056924239007","0.00153943623727012","0.0920221267673904","1.87915959236165","1.99874902328808","2.0609293020597","2.12230022228926","2.24209719599994","3573.23123599054","1.00043151277764","0.197429493729699","0.000585445118948162","0.0369854678629197","0.128165624504973","0.171852090851762","0.196435709098383","0.221477641646138","0.271891984984093","3991.07468424082","0.999642284219397","6.09509243159039","0.00215158125348085","0.131948395408682","5.84104156452147","6.00593922900975","6.09225516334689","6.18221953601016","6.35736110738688","3760.9081160365","1.00049663302472","20.8035350372199","0.0840535172667737","5.09386845126148","13.1604462215676","17.2144288730625","20.0546836372525","23.5293703374605","32.8217082135611","3672.68488298039","1.00059220433747",NA,NA,NA,NA,NA,NA,NA,NA,NA,NA,NA,NA,NA,NA,NA,NA,NA,NA,NA,NA,NA,NA,NA,NA,NA,NA,NA,NA,NA,NA,NA,NA,NA,NA,NA,NA,NA,NA,NA,NA,"3668.0105945014","8.11506768695"
"'d","hurdle","FALSE","1","1.27924612985624","0.00650286075015286","0.310679312003543","0.677526309644099","1.06983229391587","1.28168943475294","1.48778177898827","1.89652393483257","2282.5261454626","1.00065951785773","0.333218912028577","0.000975614863101735","0.0476582119117628","0.238719215933405","0.30061529878417","0.334453015597697","0.366879464933094","0.420705404637342","2386.26500375513","1.00044928697113","6.09851917022483","0.00223958450396512","0.136663009502082","5.83348671657233","6.00659118266392","6.09415749708315","6.19007463824998","6.3771493340251","3723.63456224155","1.00024739158503","20.6503035921463","0.085063402946877","4.92664867191462","13.1605852777633","17.1930443164542","20.0395936765035","23.2832685861072","32.4654995141596","3354.42187024851","0.999783288721324","1.6954071304516","0.00597244349134272","0.271827037264485","1.16767698815413","1.51394519165171","1.69299212194179","1.87871730265113","2.24594275845051","2071.48219414003","1.00055525087068","-0.280328587047904","0.000945215664537561","0.0430745749960961","-0.365347607950768","-0.308812180692371","-0.279835017974203","-0.250735136025907","-0.197058018610121","2076.7306924916","1.0005479193336","-5.45572213441814","0.0764427951224308","3.34710933188256","-12.8142933130253","-7.54497090024465","-5.13864502319788","-3.03654495402207","0.171587480291703","1917.19673209584","1.00291884515427","-0.926576932072821","0.0146202397577348","0.686494271620921","-2.4359236407923","-1.36124645426094","-0.871706779449285","-0.424502186969447","0.230120189219838","2204.77789458122","1.00111878154566","3431.25858855849","7.5912800631825"
"'ll","gen","FALSE",NA,"1.93141605284351","0.00116651268331905","0.0696961009142969","1.79562590050797","1.88647369526052","1.93067313746174","1.97887149370062","2.06743446870435","3569.75191113986","1.00000219475741","0.0753984912755051","0.000462250667096088","0.0259767741556862","0.0274855881621169","0.0578131009169132","0.0746792584291589","0.0919358994853043","0.129480475433679","3158.02340240474","1.00032906216624","5.82488524676008","0.00167468839867435","0.107090833911098","5.61115692064982","5.75169714189764","5.82499762569718","5.89675580728772","6.03162914853932","4089.18328848685","0.999478142494777","15.6692571508644","0.0506342308993197","2.93173949145861","11.0462847077036","13.5628087991336","15.2702808666707","17.3922256281437","22.4190156631878","3352.45007365292","1.00004582381887",NA,NA,NA,NA,NA,NA,NA,NA,NA,NA,NA,NA,NA,NA,NA,NA,NA,NA,NA,NA,NA,NA,NA,NA,NA,NA,NA,NA,NA,NA,NA,NA,NA,NA,NA,NA,NA,NA,NA,NA,"5322.04570897914","7.84962493949726"
"'ll","hurdle","FALSE","1","0.590897420460729","0.00559760935563213","0.243218381576807","0.154510604121539","0.419881571293666","0.579979856634766","0.754250879670946","1.0895882926998","1887.93750903295","1.00004570528462","0.313501591777973","0.000769365046798168","0.0367439929127745","0.236913005630337","0.289844578561025","0.314842666874226","0.338567027890327","0.381433833262477","2280.90813167345","0.999858871293645","5.82317069864059","0.00178882546835016","0.106422759980427","5.61986517632685","5.74844998888296","5.82336923096043","5.89568969899463","6.03650647805658","3539.42811677544","0.999576818488952","15.6024477438756","0.0527380547903277","2.87612746844697","11.0927228701845","13.5916960257701","15.2460253186764","17.2036312797443","22.3552220000869","2974.18545575909","0.999498371039715","1.48983103192821","0.00431015165044186","0.196340264027501","1.10796318670712","1.35464619185008","1.48885812159374","1.62008801412546","1.88228812116686","2075.07424260131","1.00523623882018","-0.217931566439361","0.00067100617364746","0.0308545615321614","-0.279256188396345","-0.238749494848381","-0.217618931985162","-0.197112448481857","-0.158679465630127","2114.3930682479","1.00703096430936","-5.88390377343276","0.072577444284294","3.23850083441817","-12.99085524742","-7.83779318203896","-5.61081658079936","-3.54706250482258","-0.49673828102965","1991.06154466342","1.00224671523052","-0.932528670120652","0.0147165565460251","0.704077799122146","-2.4736605636467","-1.37714495002861","-0.874141259435718","-0.399228754072226","0.221843228107431","2288.91093470601","0.999959452683565","4924.7085858943","7.26358198509483"
"'m","gen","FALSE",NA,"1.9944746075071","0.00102476471435843","0.0621482841382847","1.87644251053602","1.95284036040238","1.99343286580492","2.03520569494928","2.12002731486946","3677.98504768021","1.00094197261146","0.168282276666129","0.000384060852198396","0.0250921605082204","0.121316179570027","0.151164940710069","0.167829705781105","0.184429018738118","0.22094101921202","4268.50732868077","0.99990998240195","5.82023490576185","0.00166337979917298","0.102191581941976","5.62439369058473","5.75085000362581","5.81907707194161","5.89060973601279","6.02498452211201","3774.39543673007","0.99915334479052","10.0774200520499","0.021092453180992","1.32529317407801","7.80727580337824","9.136642990024","9.9627245851703","10.8697720014358","13.0515568478096","3947.9326458606","0.99992078667051",NA,NA,NA,NA,NA,NA,NA,NA,NA,NA,NA,NA,NA,NA,NA,NA,NA,NA,NA,NA,NA,NA,NA,NA,NA,NA,NA,NA,NA,NA,NA,NA,NA,NA,NA,NA,NA,NA,NA,NA,"7406.16621269712","8.09417072425915"
"'m","hurdle","FALSE","1","1.30006553471025","0.00549394854862183","0.252879024237155","0.812968891661956","1.13405901779579","1.29714780797593","1.46320128241129","1.8099647927146","2118.63644278251","1.00019023202961","0.322267837089758","0.00078636747136208","0.0363846884233234","0.248045954142502","0.297937225327871","0.323409378862703","0.347123861796404","0.389848332633854","2140.8500030681","0.999897503925175","5.82198067914477","0.00166665766901778","0.0991297989411931","5.63784564804374","5.75466429065081","5.81813249002791","5.88875141936175","6.02132729554067","3537.65633032805","1.00015192662816","10.0615715844419","0.0221340751632539","1.3094196277512","7.86612557193162","9.15514673605993","9.90629968998556","10.851471456674","12.9718759364276","3499.7331587834","1.00198318061201","1.21472726156544","0.0033470208854177","0.150672442552987","0.919454135618602","1.11003097592144","1.21474485426674","1.31780324169867","1.50174869323783","2026.51961934248","1.00063180234733","-0.164886495797173","0.000511120461675449","0.0227956735831758","-0.208440661128565","-0.180613424236407","-0.164450482442616","-0.149275631000016","-0.120444482166867","1989.10781797938","1.00027468687625","-6.02823815534916","0.0609580120371143","3.00955637038385","-12.43449372486","-7.94332945046057","-5.75746173118307","-3.85319082113176","-0.981034400044172","2437.49298139068","1.0001501202059","-0.952688997647706","0.0145371008397499","0.723713790382446","-2.55805631144669","-1.41286606384761","-0.864104548090421","-0.430131820036661","0.213497525116584","2478.43817786379","1.00006500776256","6910.183408853","7.55211301513989"
"'re","gen","FALSE",NA,"2.31831206871157","0.00102348300552777","0.0635978994647708","2.19604846727819","2.27549010012545","2.31696666200217","2.36209287014973","2.44329082569527","3861.21755552969","1.00008094827676","0.290133557788077","0.000465774168854723","0.0276191379549607","0.237776491400607","0.271413399281424","0.290019066961761","0.307964180490898","0.345875888586758","3516.16656182034","0.999737733459315","5.7088297541335","0.00121785377484376","0.0811182943206662","5.55241217947234","5.65248362344217","5.7079299220288","5.76310874949349","5.87105290101114","4436.56988677265","1.00134162675598","14.3294798610603","0.0323105967607429","2.02939526328461","10.942174434627","12.8799726781112","14.1189136608074","15.5315977970324","19.1277705180277","3944.96655950226","1.00092824439179",NA,NA,NA,NA,NA,NA,NA,NA,NA,NA,NA,NA,NA,NA,NA,NA,NA,NA,NA,NA,NA,NA,NA,NA,NA,NA,NA,NA,NA,NA,NA,NA,NA,NA,NA,NA,NA,NA,NA,NA,"9570.5367626249","8.15902537308176"
"'re","hurdle","FALSE","1","1.67693961672411","0.0036541668811927","0.190612002976366","1.31149989977594","1.5450391361864","1.67356845216786","1.80438457058294","2.05635332791891","2720.96988849546","1.00021798065014","0.339583677558173","0.00051731102389661","0.0280313065256842","0.283336317242583","0.321128250819374","0.340834690464926","0.358773264846987","0.391914151308962","2936.18363881303","1.00065144836619","5.70848027290227","0.00136638599221517","0.0856851441703326","5.54533084310491","5.64874789091292","5.70708784110223","5.76661986779607","5.87894298986692","3932.45952539731","1.00008692922133","14.3189170661807","0.0349715359420476","2.08129045388684","10.9071892776584","12.8359648791658","14.0955268501586","15.5517318880142","19.0356143481371","3541.89735330031","1.00015438180859","1.38394295342372","0.00327463642777735","0.149051627426994","1.09541293049933","1.28255871504105","1.38172668893963","1.48289980249397","1.67228449289054","2071.79732079879","1.00011892292715","-0.292005050719241","0.000567549536573324","0.0255569102463853","-0.342303670265356","-0.309104708333827","-0.291477470410347","-0.275172576561066","-0.241794382700591","2027.72543463894","1.00024074859209","-6.19105883859652","0.0611978261581046","2.97698045066466","-12.6459796073556","-8.10834034882723","-5.9411775073903","-4.06295796888203","-1.03996995334462","2366.3554156949","1.00088845870136","-0.972746492294115","0.0138966762433295","0.691741913342863","-2.49421852914546","-1.40951522740841","-0.910522931364624","-0.471181045597361","0.176462658525828","2477.80030603647","1.00076522813025","9150.37143569351","7.80082816342158"
"'s","gen","FALSE",NA,"2.12423679423035","0.000457085541267765","0.0280420391949056","2.07087997120758","2.10488238194739","2.12421908404131","2.14339149510001","2.17886419511513","3763.77988209859","1.00096953413017","0.166911552798475","0.000187578420475368","0.0112922616671059","0.145840657668458","0.159164785825308","0.166534692204909","0.17453285306852","0.189190691720741","3624.06615892217","1.00040346379978","5.04253134925796","0.000499122158966366","0.0360387752437085","4.97225644025641","5.0187934785984","5.04225554715396","5.06724244697081","5.11354331022766","5213.46358322708","0.999643569915363","12.648077775382","0.0135149352799943","0.852548999749545","11.0921348835595","12.0381167753477","12.5988735511641","13.2167049287315","14.4239091507248","3979.33734628958","1.00017390854721",NA,NA,NA,NA,NA,NA,NA,NA,NA,NA,NA,NA,NA,NA,NA,NA,NA,NA,NA,NA,NA,NA,NA,NA,NA,NA,NA,NA,NA,NA,NA,NA,NA,NA,NA,NA,NA,NA,NA,NA,"41759.6460482112","7.70188971748639"
"'s","hurdle","FALSE","1","1.31839803080811","0.00200253048003273","0.100994269572145","1.12250745964747","1.24786914913755","1.31731431406241","1.38691005498079","1.51331373728864","2543.52022271701","1.00007250440583","0.29871392153602","0.000278996185854621","0.0147999893211605","0.269993239293591","0.28862520259503","0.298618638974568","0.308634386159027","0.328287849183086","2814.01411739851","0.999807370016112","5.0433495300513","0.000528142073839484","0.0353068758706907","4.97437252147432","5.01968245256106","5.04375475134688","5.06678405928406","5.1135576383185","4469.06888218082","0.999799499550938","12.6057818389964","0.012507909554953","0.808170840679066","11.1553849457173","12.0451192166613","12.5699275148238","13.1362612327173","14.2815854917202","4174.81167350092","1.00108875317706","1.74575865986756","0.00137117946436809","0.068711792747433","1.61398114731223","1.69885813648272","1.74502402005525","1.79237072511657","1.88347819881344","2511.15753642231","1.00117011690575","-0.308310290355262","0.000244518645768559","0.0126117950725765","-0.332634467894369","-0.316741805940211","-0.308317878972728","-0.299668749330423","-0.283818784526073","2660.29529883713","1.00160316913093","-2.61006229620502","0.0270485668956415","1.42196229435719","-5.45494523067633","-3.55940758752868","-2.52937613121147","-1.61543627475479","0.00280817515332326","2763.67927069442","1.00320100425572","-1.5093402153751","0.0113841691362419","0.586140179317724","-2.73134963250295","-1.893042996479","-1.47729038216151","-1.0849758115307","-0.47263766174487","2650.94249320248","1.00198110242777","39022.0528480198","7.19698503283287"
"'ve","gen","FALSE",NA,"2.15038401886385","0.00137979838537521","0.0892495266966755","1.98324762802449","2.08731292910388","2.1506418325125","2.2089554845686","2.32604498780763","4183.89308939793","1.0001878519373","0.212497145808155","0.000552217286358435","0.0350031321555067","0.145745159918167","0.189339236437499","0.210869154971781","0.235293305086855","0.284661375460118","4017.85093823451","1.00029408570889","6.27446673560773","0.0019982362434854","0.127644945839952","6.02807199429555","6.18652983592148","6.27512384326946","6.3600258779583","6.51876251211034","4080.50188796469","0.999265621488124","22.2697164234446","0.0860515899825915","4.97788366875027","14.6304674249949","18.7743989705816","21.4920859412425","25.0904870592892","33.9876705202975","3346.3525055698","0.999804768938697",NA,NA,NA,NA,NA,NA,NA,NA,NA,NA,NA,NA,NA,NA,NA,NA,NA,NA,NA,NA,NA,NA,NA,NA,NA,NA,NA,NA,NA,NA,NA,NA,NA,NA,NA,NA,NA,NA,NA,NA,"4175.73207172309","8.20379581870941"
"'ve","hurdle","FALSE","1","0.991021887148552","0.00547194271829949","0.268807481039228","0.472396684830065","0.811964593286219","0.98224791044344","1.1717764617461","1.51363600342901","2413.2350114765","1.00028860103281","0.355681494917561","0.000742056526518179","0.0386788082901849","0.278277705067658","0.330492580385951","0.356932974445989","0.381691157068781","0.428692533057655","2716.89085141721","1.00019088770442","6.27368287137824","0.00207667997675599","0.125563212543671","6.02748334092626","6.18958097288832","6.27343827700667","6.35649282191623","6.52128176784652","3655.82742347968","1.00054978839396","22.2193706922039","0.0779593089616106","4.93550674368864","14.6940103348909","18.7255378282701","21.4317776646239","25.0974711117236","33.3533250146881","4007.998382777","0.99977154887752","0.992288814764126","0.00510770611260008","0.243365016544563","0.538026269628101","0.825389520398484","0.991846800688513","1.15765840963653","1.45667346296201","2270.20197067133","1.00044675493659","-0.207483238537389","0.000783166306197675","0.038118464175073","-0.282411995568793","-0.234199251144255","-0.205873557758054","-0.181757607606254","-0.134377141188971","2368.98766255126","1.00022841935741","-5.58966767141944","0.068262009740407","3.40831623051517","-13.0438969011013","-7.82857338334177","-5.26246633756431","-3.07899591817622","0.159602893041964","2492.99624579234","1.00099867424086","-0.969265152024611","0.0150259166944141","0.719602973737274","-2.55290013749919","-1.43470693522293","-0.914304336262155","-0.446022590572899","0.256030718319823","2293.52746574467","1.00146445524254","3973.58134067085","7.80664310544371"
"a","gen","TRUE",NA,"2.65668254201218","0.000601176353617506","0.0358526810522104","2.5879437495055","2.6318286990953","2.65646738118141","2.68019030868664","2.72855905087644","3556.63661697024","1.00050268124636","0.322316637595307","0.00025296980812756","0.0156379044482718","0.291655891777173","0.311824698086634","0.32209026088992","0.332559411165165","0.353604087127245","3821.37561185659","0.999389544488345","5.98037641898285","0.000612297052378718","0.04216885572853","5.90050748867758","5.95192221614539","5.98066832098898","6.00735709755909","6.06394681212677","4743.06739137913","0.999797479585914","16.1659333094395","0.0194822903375611","1.20455544434106","14.0304422006374","15.3295262896439","16.1153733024324","16.9836951041886","18.6566851229177","3822.72949446312","1.00068423409552",NA,NA,NA,NA,NA,NA,NA,NA,NA,NA,NA,NA,NA,NA,NA,NA,NA,NA,NA,NA,NA,NA,NA,NA,NA,NA,NA,NA,NA,NA,NA,NA,NA,NA,NA,NA,NA,NA,NA,NA,"40579.4627235327","8.36517475232584"
"a","hurdle","TRUE","-2","2.60355787835622","0.00149432393470156","0.0815151497189948","2.44432116914485","2.54841389823686","2.60375394487749","2.65994314387765","2.76411963439399","2975.68637081477","1.00119966472106","0.243727194110596","0.000254180768719399","0.0145536439113565","0.215127483540943","0.234120407543811","0.243756510403206","0.25340749444385","0.272087602020664","3278.37109371988","1.00003681492402","5.97999747950238","0.000609693148022729","0.041355399315289","5.89989525905418","5.95157470069234","5.97996444244092","6.00772317605477","6.06052154278926","4600.8895609454","1.00070849282983","16.153711938556","0.0183971218781278","1.18823439536316","14.0681810642511","15.3113195902084","16.0572872497528","16.8918606922129","18.7525933767281","4171.61737991115","0.999807819022887","0.963798705464798","0.00172635185896092","0.0862562587038679","0.799236312546799","0.903212928257252","0.962143884904142","1.02241410402751","1.13130409688034","2496.44843819745","1.00066814834306","-0.320671302513737","0.000303320864158858","0.0151668524637391","-0.350563633495412","-0.330764609604906","-0.320641941272173","-0.310299940462975","-0.291149420958971","2500.26680571062","1.0011197182827","0.558539945439987","0.00316775530343034","0.163818801719698","0.239277270881391","0.448547021346255","0.558192781275225","0.666058541200979","0.883440334835747","2674.38690083219","0.999569685624131","-0.702911338004937","0.000783937807748085","0.0421173011171065","-0.786273195108935","-0.730387048571365","-0.702467079499574","-0.674595256599099","-0.621779539344828","2886.40884894681","0.999646422741924","40608.4618639957","8.37115272397355"
"about","gen","TRUE",NA,"1.90440208790963","0.00113265632473945","0.0700691058963773","1.773079513177","1.85705685053799","1.90242911361816","1.9509337654732","2.04490999131179","3826.9857291461","0.999671754742647","0.495581845071049","0.000905163816137169","0.0491401753172015","0.408366352334112","0.461731967510989","0.492047556550327","0.526208128825277","0.603196129882304","2947.26396154457","0.999913133764172","6.13323285553399","0.00149193561398098","0.100195773040513","5.9361381620416","6.06420739473327","6.13404518395406","6.20220961636108","6.32809281513276","4510.22947108378","0.999150586346338","15.2715055216534","0.0409312002327355","2.46836157605735","11.2659514123719","13.5282969783167","14.9620661299893","16.7054283854912","20.9464556111823","3636.70936721546","1.00046439178301",NA,NA,NA,NA,NA,NA,NA,NA,NA,NA,NA,NA,NA,NA,NA,NA,NA,NA,NA,NA,NA,NA,NA,NA,NA,NA,NA,NA,NA,NA,NA,NA,NA,NA,NA,NA,NA,NA,NA,NA,"7473.08352063102","8.47288381023925"
"about","hurdle","TRUE","-2","2.76353721198909","0.00396815601238448","0.217065923633089","2.33947741693647","2.61770348824685","2.76778517943628","2.91141676833488","3.18400190125823","2992.30476337073","1.00118154957457","0.234889792081305","0.000725358116318827","0.0391857270228385","0.16069297803623","0.207568466022075","0.234338182218541","0.26160049704964","0.311393834867285","2918.44066253974","1.00075335048671","6.12891704740218","0.00147487269213716","0.098028620220712","5.93394353847079","6.06249947989882","6.12935345926097","6.19388870701803","6.32713571872852","4417.70498872316","0.999353880414383","15.3047279127509","0.0460626871464481","2.59316662487344","11.156669872659","13.4666319744958","15.010450809427","16.7504584294453","21.2441887848008","3169.29238734587","0.999259411830779","0.903211550404545","0.00422136722798721","0.194260404418585","0.530372767723121","0.768666996644223","0.902890500305766","1.03062419733555","1.28803110080384","2117.68962341864","1.00012638876512","-0.233213427307203","0.000651531762502311","0.0303155260350226","-0.294921127437558","-0.253093727356706","-0.233128767098856","-0.212621562939938","-0.175782347276438","2165.00563844906","0.999742136115368","0.712484045072755","0.00499993414098886","0.233654279783988","0.255556219555537","0.555268113898948","0.713806368127928","0.871849617370369","1.15961772631033","2183.83042804107","1.00057885806513","-0.312520412479151","0.000815352018106569","0.0399641874859626","-0.390139765713867","-0.339937233266585","-0.313104388493731","-0.285471197100469","-0.234210328463333","2402.43515617636","1.00014498012592","7526.83850748925","8.53383050735743"
"after","gen","FALSE",NA,"2.21403347644751","0.00480760384319851","0.26174304012144","1.73837467652233","2.03330371446128","2.20308601680374","2.38702066295721","2.75481132249169","2964.10058740846","1.00120720480412","0.908903198913057","0.00133138625469721","0.0643697788036073","0.758721107177636","0.86844285157672","0.919945816013209","0.960832997434568","0.995926015665439","2337.52301497689","0.999525452644483","4.98301028809317","0.00393123835764834","0.227532829577198","4.55280757499498","4.82669824328298","4.97179713476714","5.13208091977987","5.44415875263687","3349.88101969709","1.00008256170515","8.12126263196719","0.0459694717732005","2.39034333216304","4.70917465497903","6.45805737807841","7.70602922006304","9.25908485309731","14.2181153250044","2703.84344609445","1.00061387837478",NA,NA,NA,NA,NA,NA,NA,NA,NA,NA,NA,NA,NA,NA,NA,NA,NA,NA,NA,NA,NA,NA,NA,NA,NA,NA,NA,NA,NA,NA,NA,NA,NA,NA,NA,NA,NA,NA,NA,NA,"1352.48803222012","8.19689716497045"
"after","hurdle","FALSE","0","4.0586574964492","0.0139295488727013","0.612932763372075","3.06913883961332","3.63451460426564","3.97947684585057","4.40223954151843","5.51179133803371","1936.2060381155","1.00143621095554","0.634306982056423","0.0032678629855934","0.145679732011013","0.375185325464028","0.530010908588548","0.619509789782003","0.729710735725587","0.945362858189155","1987.3327491128","1.00076750057296","4.91563899458341","0.00416870758911606","0.233510064614438","4.4721406935008","4.75464470822761","4.90568858166918","5.06920787212441","5.39710860291613","3137.67777973464","1.00009828480484","5.72781805423009","0.0199071580196433","1.19621549269585","3.82945066992744","4.88537834048686","5.57720048603572","6.39736665794636","8.45898521463767","3610.77409530508","1.00079246331839","2.05147540545141","0.00869511170103458","0.442758784683201","1.22290343481701","1.74988270937246","2.03218962280288","2.34390660392368","2.96461284666956","2592.88969909393","1.0001652764797","-0.580842009280462","0.00203618703006495","0.10175773969342","-0.789455423400567","-0.647953181752548","-0.576965644135096","-0.509394509318651","-0.393391916205612","2497.46591413882","1.00029340555249",NA,NA,NA,NA,NA,NA,NA,NA,NA,NA,NA,NA,NA,NA,NA,NA,NA,NA,NA,NA,"1332.37916816072","8.07502526158014"
"all","gen","TRUE",NA,"3.65608917895348","0.00775127457167475","0.301848929884879","3.15682422170561","3.4168520572433","3.62862107061406","3.87445923227397","4.26000249335392","1516.46726148144","1.00336641561317","0.818761876904076","0.00244169168379031","0.0998383701815503","0.630495537793037","0.741696083748272","0.820180894886701","0.899314148621856","0.987267881319606","1671.91162462473","1.002593705858","5.72662294205872","0.00163730859043346","0.0851074142047598","5.562106304623","5.66901317033153","5.72587454924025","5.7838296970921","5.89622773694113","2701.92761767415","1.00002383067216","12.6735888011552","0.0352997201304658","1.69815078763488","9.83670969373264","11.4715597412812","12.4890308396821","13.7522037163695","16.3421227014358","2314.24842837222","1.00074580960957",NA,NA,NA,NA,NA,NA,NA,NA,NA,NA,NA,NA,NA,NA,NA,NA,NA,NA,NA,NA,NA,NA,NA,NA,NA,NA,NA,NA,NA,NA,NA,NA,NA,NA,NA,NA,NA,NA,NA,NA,"9365.18191442611","8.42950667365086"
"always","gen","FALSE",NA,"2.7792810070919","0.00305401024482086","0.186289422041399","2.43296559662726","2.64713318335287","2.77552615927801","2.90084101887894","3.1572499737816","3720.79216047378","0.999675388437593","0.34121065763971","0.00148133386270536","0.0845807236126736","0.19217268076182","0.284546080279821","0.333357082328837","0.391006800805571","0.526191306849213","3260.14481059152","1.00038731333809","5.66537320500726","0.00307408225343696","0.204813717588988","5.26596515646703","5.52944659535378","5.6644085589357","5.79850544397218","6.08578490208485","4439.02012092196","1.00029493084493","11.3367998943613","0.0510424189978548","3.18207530192076","6.71397252609564","9.0662870396912","10.7932895707986","12.9535666975802","19.2009364377972","3886.49764615123","1.00002213287133",NA,NA,NA,NA,NA,NA,NA,NA,NA,NA,NA,NA,NA,NA,NA,NA,NA,NA,NA,NA,NA,NA,NA,NA,NA,NA,NA,NA,NA,NA,NA,NA,NA,NA,NA,NA,NA,NA,NA,NA,"1724.52567045254","8.29098880025259"
"an","gen","TRUE",NA,"2.3687737506193","0.00179982725848975","0.117621160364594","2.14615906873742","2.28489564395923","2.3667816228392","2.44915171352418","2.5960226067976","4270.80034514822","0.999390944689185","0.36302549067782","0.000902899320118329","0.0570733397196249","0.260726637511012","0.323882810870809","0.358212793725178","0.399812829040375","0.487482109677666","3995.65443546793","1.0004157530419","5.74094495345899","0.00233992520875821","0.146300350997609","5.46815928475888","5.64029444191899","5.73979999367804","5.83825090891343","6.0281654811772","3909.19004065812","1.00005352385878","12.9133073655057","0.0442031128796334","2.86849626643651","8.63515371680998","10.8628205902659","12.500179822663","14.5613560299592","19.5047332533228","4211.17092494244","1.00008156499038",NA,NA,NA,NA,NA,NA,NA,NA,NA,NA,NA,NA,NA,NA,NA,NA,NA,NA,NA,NA,NA,NA,NA,NA,NA,NA,NA,NA,NA,NA,NA,NA,NA,NA,NA,NA,NA,NA,NA,NA,"3163.54257129482","8.28152505574559"
"an","hurdle","TRUE","-2","2.29210295809272","0.00522415642340847","0.313737562960107","1.67631208004399","2.0835844670025","2.2907745079665","2.50290121580095","2.90163514228812","3606.62254351971","0.999594338108876","0.317040744382895","0.000865438645873909","0.050804072421204","0.214130310388825","0.282298702775681","0.317540205271092","0.35223163076939","0.414665621773896","3446.07308441938","0.999167388749269","5.74072711257337","0.00224324530977919","0.152556703835356","5.45116377897301","5.63654788990632","5.73818918761358","5.84406530630565","6.04795820343872","4624.97145470736","1.00002823585664","12.9450470400495","0.0447780730843457","2.83989545262794","8.56901879087995","10.9035496174198","12.5511748840828","14.5041940383438","19.6296916894776","4022.29485020915","0.999811468488376","1.1697518714678","0.00528450151783451","0.283649718680944","0.620623518535097","0.972664873916054","1.16382346053429","1.35580130661651","1.75155485835144","2881.08890762825","1.00023324893124","-0.264723349374721","0.000914088919841239","0.0483023850947451","-0.363891251929665","-0.29607329684429","-0.263256540202223","-0.231458133784393","-0.171804358997115","2792.28833983307","1.0000646497496","1.5814875076945","0.0123580650681041","0.672096711735757","0.259112661199163","1.12406061004586","1.59370052507764","2.04168650529253","2.90613899949996","2957.75764868116","0.999893506488794","-1.23888694528744","0.00448956794471728","0.246470180450526","-1.75162522603723","-1.39675332741205","-1.22832624664533","-1.06796995058843","-0.784549837636756","3013.83636694017","0.999630768071017","3099.87102327477","8.11484561066693"
"and","gen","FALSE",NA,"0.546788126064425","0.00026258411859139","0.0142160653948011","0.519254458185948","0.537211096894626","0.546893018082711","0.556447414641279","0.57383857868198","2931.04113440134","0.999893253405251","0.986420876367407","0.00018708888194845","0.010114803855445","0.963173898717028","0.980606144385715","0.988294196451705","0.994554720211996","0.999402634303594","2922.93374764756","1.00102580670972","4.70732678940246","0.000658055183023999","0.0384537670369612","4.63246017229603","4.68035019813773","4.70694299893172","4.73309989530263","4.78204185018605","3414.7047101913","1.00019085957638","3.34290324923239","0.00182612148033977","0.101087195474224","3.15393942313567","3.2742674208836","3.34184292728966","3.4102937998094","3.54411829928006","3064.31188458801","0.999565884187502",NA,NA,NA,NA,NA,NA,NA,NA,NA,NA,NA,NA,NA,NA,NA,NA,NA,NA,NA,NA,NA,NA,NA,NA,NA,NA,NA,NA,NA,NA,NA,NA,NA,NA,NA,NA,NA,NA,NA,NA,"55352.8111575533","7.04503132971278"
"and","hurdle","FALSE","1","6.05096655420698","0.00207394462062222","0.146338462215113","5.76810929466227","5.95275806159359","6.05346157648185","6.15097072617698","6.33098883575263","4978.77686665371","0.99987492879182","0.345037246537817","0.000501688205073979","0.0369252760586108","0.275152783838566","0.319978887681829","0.343611659937539","0.368220441688546","0.42094455770146","5417.26050378235","0.999337103069591","4.70726623164003","0.000495246499277679","0.0374225346768094","4.63499233430371","4.68175774245634","4.70695629419033","4.73258972552725","4.78164273811104","5709.83515623852","0.999310820049398","3.34316501519552","0.00136951220781539","0.10044167014751","3.15303028102966","3.27465271275399","3.34059887821006","3.41000145883254","3.54918639144475","5378.93176863874","0.99957703256279","0.275965834132169","0.00242464254738249","0.119305996635685","0.0444317631291193","0.195523769759455","0.276801933878377","0.35625846072715","0.511842532994712","2421.19128672768","1.00105920425748","-0.328350811160799","0.000427698961615881","0.0221827782744607","-0.372064094358527","-0.343660837552545","-0.328146353015068","-0.312788886039761","-0.285239036129432","2690.01985071484","1.00084905750133","3.18668650885309","0.00151505768735184","0.0727270010834358","3.04606529274338","3.13725838225371","3.18550449305031","3.23450171857483","3.33172806925882","2304.26816966619","1.00214941236858","-0.316283638235649","0.000206931991071236","0.0105016887433988","-0.337233937785999","-0.323132066379355","-0.316291651290246","-0.309371300064668","-0.295900283613133","2575.50864175641","1.00199976256426","53614.7146895923","6.82381502985774"
"another","gen","TRUE",NA,"2.0507409021258","0.00617845444007001","0.240925116594774","1.67253370201061","1.88427484887478","2.02325072357477","2.16839395717307","2.66637248180655","1520.56314018505","1.00081750330045","0.523245376850907","0.00390141906653528","0.155177570188424","0.286454285780778","0.414356235564119","0.492799536175654","0.603955382141328","0.920325190691133","1582.02262589921","1.00020090797409","5.53368452554194","0.00419204309017634","0.244701933493361","5.0614593948574","5.36669283137862","5.53319889649376","5.69306562821002","6.04195037360058","3407.40162012085","0.999453760203765","13.2363660561701","0.0823616428361011","4.42285549834813","7.22071865368711","10.0849704112617","12.4592182372652","15.5219736356855","23.9877068509379","2883.73600293895","1.00014382198119",NA,NA,NA,NA,NA,NA,NA,NA,NA,NA,NA,NA,NA,NA,NA,NA,NA,NA,NA,NA,NA,NA,NA,NA,NA,NA,NA,NA,NA,NA,NA,NA,NA,NA,NA,NA,NA,NA,NA,NA,"1158.03450887652","8.21301070125194"
"another","hurdle","TRUE","-2","2.9107865898045","0.0105063392925336","0.564381076486992","1.82793819525219","2.53761347116651","2.90486672756741","3.30012593371728","4.03139064136314","2885.63929603603","1.0010455940706","0.252575456462004","0.00182905841237918","0.102757848214045","0.0573712127292949","0.182268498365065","0.250348723212198","0.320345529855996","0.457646782217109","3156.27512327775","1.0001126559346","5.53160346074067","0.00347578747793114","0.233609665033953","5.09437575850272","5.36936714032953","5.52299184150267","5.69080204739099","6.01077886102912","4517.26100758543","0.999535046480133","13.2334369967238","0.077800002712048","4.32629141422809","7.11579527557388","10.1888430285019","12.4555389293426","15.4859562119838","23.8844604227019","3092.23374414614","0.999638775574602","2.04926746089349","0.0112833116513108","0.515848498546129","1.04490794546957","1.71108882796412","2.04716668857293","2.3700288959263","3.07196344039558","2090.1197743564","0.999994174303194","-0.401233231846238","0.00189801159455232","0.0903140777571371","-0.585631976753866","-0.461045255733067","-0.399821744381183","-0.341334960069795","-0.224587045887006","2264.19163068089","0.999848125688174","0.727200945452378","0.0142950464152987","0.65831633718609","-0.570541793984897","0.284513316362274","0.730209024198606","1.16764218950358","2.03038981327343","2120.79224291048","0.999862195926494","-0.358321163509914","0.00250726064517409","0.119628882536674","-0.604114307653384","-0.434628439688772","-0.353289467383738","-0.274698521558082","-0.135277256065257","2276.52867052112","0.99952168700883","1153.92679363813","8.18387796906478"
"any","gen","TRUE",NA,"2.40680328798299","0.00208636038045807","0.131848444910929","2.15674536806123","2.31456018565194","2.40457297608717","2.49587274357453","2.6748596091835","3993.66258690762","0.999958210179932","0.357609223407317","0.00100945618675598","0.0634324693627462","0.244417801147701","0.313404216937585","0.353286777994189","0.397728853093731","0.493459928856387","3948.64680040364","0.999802165237167","6.25347869414022","0.00278221944756106","0.174228990550205","5.91447476241857","6.13607845260239","6.25582985037338","6.36993438535803","6.59873335866838","3921.55289120907","0.999426712993479","14.7412354711396","0.0637390011189025","3.78523854596772","9.13059282150012","12.0699428407344","14.1641427473443","16.7549676311217","23.6566766909108","3526.76077252357","0.99956970851811",NA,NA,NA,NA,NA,NA,NA,NA,NA,NA,NA,NA,NA,NA,NA,NA,NA,NA,NA,NA,NA,NA,NA,NA,NA,NA,NA,NA,NA,NA,NA,NA,NA,NA,NA,NA,NA,NA,NA,NA,"2505.15356851976","8.52093050516926"
"anything","gen","TRUE",NA,"1.15262174236523","0.00311275816238384","0.150958102673114","0.879301760454175","1.04385761170274","1.14652826396791","1.25503193610421","1.47236358857534","2351.91756843089","1.00083498727792","0.846481870350428","0.00227324970841498","0.109532977515875","0.601901721658724","0.772304196726153","0.867720849107515","0.937099880344472","0.995401063909224","2321.64332156807","1.00096861562127","5.74872326859625","0.00393185351011532","0.231436161748765","5.30182403560838","5.59455368230338","5.74609171265715","5.89708374881629","6.20932167180839","3464.71709243119","0.999572228972092","7.81183753159565","0.0362130460997225","1.99650948585087","4.77193219813748","6.47663656864444","7.47381780609965","8.86966679827922","12.4659060319515","3039.57343967879","1.00046294251867",NA,NA,NA,NA,NA,NA,NA,NA,NA,NA,NA,NA,NA,NA,NA,NA,NA,NA,NA,NA,NA,NA,NA,NA,NA,NA,NA,NA,NA,NA,NA,NA,NA,NA,NA,NA,NA,NA,NA,NA,"1620.6593608985","8.06298189501743"
"anything","hurdle","TRUE","-1","2.54093438044578","0.00543412957367588","0.307203237425777","1.93310077578735","2.3365399033323","2.54480652637398","2.75248271710661","3.12168709168714","3195.88833729254","1.00089882738582","0.163302372625284","0.00154004358341585","0.0873299249718076","0.0215340250819208","0.097883094186541","0.154584039705597","0.219794438039798","0.354571615335525","3215.58616085709","1.00010737898329","5.68517404752214","0.00377775757710229","0.237929384396427","5.22614849513479","5.52278755276612","5.6805593279549","5.84016762478563","6.17400191535291","3966.68753286069","0.999405016360973","5.90614007916856","0.0186028582319908","1.13606645023254","4.06881046664298","5.09731227493828","5.76199248429601","6.56559796267","8.43712481350161","3729.47857405239","0.999846473249603","1.58520042623017","0.0066914114271871","0.355582193651883","0.909533341488108","1.34931388121094","1.57299406460412","1.81708894254404","2.31317546118156","2823.8689775358","0.999649718977342","-0.270063414828305","0.00109505462144831","0.0571156900842679","-0.385032860577495","-0.307547829995578","-0.267370054350488","-0.230576479330404","-0.165322228637218","2720.44087813361","0.999547188419663",NA,NA,NA,NA,NA,NA,NA,NA,NA,NA,NA,NA,NA,NA,NA,NA,NA,NA,NA,NA,"1606.03837769973","7.99024068507331"
"are","gen","FALSE",NA,"2.28902224377484","0.00633864294756094","0.208981420540648","1.99177365332214","2.1361411717299","2.23899894778393","2.41376239239791","2.78603571949937","1086.9830605544","1.00395712073056","0.751511301420534","0.00313425402269114","0.111021420809518","0.568673276329945","0.665931276453154","0.734593970531552","0.830283692523979","0.977267300126197","1254.71525448903","1.00264892187232","5.14968794233638","0.00191712672584241","0.0956169009657337","4.96086194589699","5.08437708023727","5.14840275447763","5.21386261722666","5.34022094718432","2487.52631812608","1.00052392565497","9.03391548508521","0.0236819373365566","1.16223012418483","7.06417196300963","8.18959557766674","8.93955859055961","9.73871260513118","11.5997679137771","2408.51746827695","0.999895017113488",NA,NA,NA,NA,NA,NA,NA,NA,NA,NA,NA,NA,NA,NA,NA,NA,NA,NA,NA,NA,NA,NA,NA,NA,NA,NA,NA,NA,NA,NA,NA,NA,NA,NA,NA,NA,NA,NA,NA,NA,"7520.72064325691","8.13050880352099"
"are","hurdle","FALSE","1","2.93778601843565","0.00350048415784514","0.22892202667746","2.49204918303326","2.78325458249534","2.93186625765187","3.0884806148933","3.40318546592518","4276.79989975765","1.00105623345458","0.293675948667824","0.000613915972418293","0.0390793094729934","0.215763455225215","0.267369860233519","0.294551748833217","0.319859834421665","0.371269011558177","4052.06027555216","1.00018064790604","5.14711021094785","0.0013269980446095","0.0943607494492253","4.9629005942889","5.08551414935371","5.14527192688477","5.20746385204279","5.33190569665731","5056.40901897389","1.00011162000206","9.04324679780619","0.0183026067106804","1.18528448877316","7.05076510178746","8.20338763882806","8.93254393057236","9.74398952070794","11.6322967363062","4193.91193555671","1.00008864138854","0.908407800870501","0.00357103202189641","0.177296182981301","0.566378370979868","0.791620072626612","0.908215013774016","1.02397129921587","1.26434135751341","2464.96798105396","1.00020743764603","-0.266010009705586","0.000631753690692674","0.0322482472477159","-0.328833237680192","-0.287066671577418","-0.265808173567657","-0.244051641050775","-0.203634183143284","2605.65344970125","0.999870508611509","0.782174721323394","0.00435845497663298","0.199647645720066","0.38897978491584","0.647601190867636","0.789188542163464","0.913303665874658","1.16136614599653","2098.27911770371","1.00185486720452","-0.349719749419292","0.000846514094633328","0.0406632228628394","-0.432967528644935","-0.376764015223154","-0.349401869581732","-0.321870162042849","-0.271168915822107","2307.46544616292","1.00164050704455","7690.46691738823","8.31401828906836"
"around","gen","TRUE",NA,"1.45936552213794","0.00449352380781643","0.178016806790548","1.16743456011827","1.32890539131971","1.43611647293938","1.57138188011506","1.85395044600157","1569.45157063609","1.00133995445488","0.758140471667276","0.00340943336486171","0.135685584124408","0.509778125263813","0.652405996946496","0.756400089917272","0.870206332787384","0.987193621472205","1583.8097184173","1.00029476347663","5.52201391294087","0.00301479295204636","0.175143212015506","5.18322597075682","5.40025647182381","5.51899789751099","5.64050364550415","5.86777648733127","3374.98337327566","0.999208057099649","11.8483615699241","0.0683688177057711","3.10517489253699","7.34709325715379","9.68731040441596","11.3258985944612","13.4544950300962","19.3147183783384","2062.79463096526","1.00192756932357",NA,NA,NA,NA,NA,NA,NA,NA,NA,NA,NA,NA,NA,NA,NA,NA,NA,NA,NA,NA,NA,NA,NA,NA,NA,NA,NA,NA,NA,NA,NA,NA,NA,NA,NA,NA,NA,NA,NA,NA,"2181.0066368954","8.04799497009372"
"around","hurdle","TRUE","-1","2.00957833201502","0.0038338459783522","0.223989814007371","1.58557113945998","1.85351284609889","2.00518069159972","2.15974014580727","2.46241894123591","3413.40024511383","1.0006687659408","0.24910522588367","0.00120602740522033","0.0681520091709963","0.117128448009686","0.202851056928214","0.247657735032289","0.293191992387701","0.386376068549954","3193.32391971242","1.00004033960658","5.48136293079821","0.00323846661731374","0.184873013413677","5.12919970379207","5.35596533106939","5.47858926268874","5.60812535333358","5.83869481155165","3258.87866624891","1.00048206637103","8.23936854857709","0.0236897452165148","1.44189455370206","5.82589715733511","7.23199378423517","8.09502206799966","9.07852935808502","11.4996550951661","3704.64180351029","0.999894629177228","1.53392388413432","0.00653651685052019","0.327135855271049","0.89510935849557","1.31741288112591","1.52791800598325","1.75693127374251","2.18135996830895","2504.74503140463","1.00172457305748","-0.394381207535199","0.00125383718499339","0.0624852745882553","-0.518034115354293","-0.43591540769019","-0.394604681798803","-0.351485765176846","-0.272581354281956","2483.55095135453","1.00146221233702",NA,NA,NA,NA,NA,NA,NA,NA,NA,NA,NA,NA,NA,NA,NA,NA,NA,NA,NA,NA,"2168.02169617583","8.00008005968939"
"as","gen","TRUE",NA,"3.99494695938811","0.00344166878677527","0.179874594193685","3.66663857841175","3.87170579819494","3.98572654701965","4.10384220222304","4.37672515705759","2731.50190686024","1.00041047825843","0.462673345462293","0.00157454971922635","0.0757095156447403","0.335643793840458","0.409316798786674","0.454812639957949","0.505662748682623","0.632872962588688","2312.00185350213","1.00040478559192","6.14877559107526","0.0020644661325558","0.126967473027991","5.90153128300044","6.06435779029426","6.14658663733253","6.23233802462603","6.40119461674202","3782.41717471536","1.0001737457375","11.6745355250123","0.0356224939573193","2.08561555584066","8.31943889982007","10.2342386275392","11.4105589681862","12.8357081026837","16.5489190064814","3427.83470832297","1.00015226264987",NA,NA,NA,NA,NA,NA,NA,NA,NA,NA,NA,NA,NA,NA,NA,NA,NA,NA,NA,NA,NA,NA,NA,NA,NA,NA,NA,NA,NA,NA,NA,NA,NA,NA,NA,NA,NA,NA,NA,NA,"4815.25351301168","8.52257258940121"
"at","gen","TRUE",NA,"2.65528677762702","0.00122001499436599","0.0766415237582293","2.50831947887416","2.60361934721738","2.65411401758398","2.7061519118289","2.80688546079896","3946.37112346379","0.999628640090792","0.306360675630695","0.000519800647717522","0.0317283222595392","0.245802757126028","0.285378647782177","0.304888485161624","0.326563776377229","0.37315488864214","3725.80896375149","0.999245674213803","5.88860741822901","0.00146361245830108","0.0951483258637451","5.70872980711268","5.82280823140847","5.88623301379466","5.95222182059891","6.07581106323526","4226.20060091737","0.999247966390896","9.98539260572505","0.0182443069899489","1.17281748769221","7.97476019576702","9.15235566814233","9.89594521934962","10.7000744360209","12.5932272104444","4132.43587754827","0.999512074538404",NA,NA,NA,NA,NA,NA,NA,NA,NA,NA,NA,NA,NA,NA,NA,NA,NA,NA,NA,NA,NA,NA,NA,NA,NA,NA,NA,NA,NA,NA,NA,NA,NA,NA,NA,NA,NA,NA,NA,NA,"8972.56587556241","8.40915264813722"
"be","gen","TRUE",NA,"2.45647963844675","0.00181990497538751","0.0913184173147598","2.29686198979391","2.39505363118502","2.45109218000827","2.510616782857","2.65315354217248","2517.7889732919","1.0016127519","0.591789384396196","0.00114076836446376","0.0583958640086968","0.493450878632298","0.55175293475517","0.58591700830682","0.626846627614463","0.719310307454106","2620.40994624543","1.0010808050681","6.32126560325734","0.00142298414443412","0.0856009962563075","6.15838174280815","6.26499362867319","6.32140446623148","6.37735514931038","6.49004417204048","3618.74112852389","1.00025675694844","18.3046331070904","0.0503102115327851","2.81257820117438","13.7249836398101","16.3254624050396","17.9833391758607","19.9037009005228","24.5778901827879","3125.3375233589","0.999723046945541",NA,NA,NA,NA,NA,NA,NA,NA,NA,NA,NA,NA,NA,NA,NA,NA,NA,NA,NA,NA,NA,NA,NA,NA,NA,NA,NA,NA,NA,NA,NA,NA,NA,NA,NA,NA,NA,NA,NA,NA,"10194.5892963011","8.63216705868"
"because","gen","FALSE",NA,"0.40534568692166","0.000790983060818235","0.0452372892492094","0.322085193805889","0.373756235441795","0.402834115902675","0.433928891949304","0.501296569999603","3270.83607915526","1.0003294172174","0.927753214172625","0.00112177254658751","0.0538819760923046","0.801474110256857","0.894790082793227","0.937832573167308","0.970864508316921","0.997495854789175","2307.15841530872","1.00242266294316","4.44726528156805","0.00292310503785523","0.175975476804504","4.1202711067412","4.32827456625789","4.44127300058492","4.56412610523927","4.8031902627705","3624.22755794634","0.999522448583489","1.67634446515415","0.00269005444613412","0.16419347007055","1.38481807573647","1.56118951758123","1.66701826680668","1.78092303201278","2.01669863742591","3725.54336118248","1.0003712470326",NA,NA,NA,NA,NA,NA,NA,NA,NA,NA,NA,NA,NA,NA,NA,NA,NA,NA,NA,NA,NA,NA,NA,NA,NA,NA,NA,NA,NA,NA,NA,NA,NA,NA,NA,NA,NA,NA,NA,NA,"3649.12910749322","6.61074113676307"
"because","hurdle","FALSE","0","3.1675813253898","0.0120847393462306","0.47918555780192","2.3338315897409","2.83415723569129","3.13167738340449","3.44907088202725","4.25060053273674","1572.29077193014","1.00034836320169","0.561358441795091","0.00337594651324205","0.130922000777218","0.336674922942448","0.471210200214401","0.549665743825638","0.638675516080474","0.860744714774798","1503.9526137024","1.00156288003707","4.39966621058763","0.00255531013719181","0.168022827746349","4.085119228245","4.28496726543063","4.39629050670763","4.50755867473462","4.75229500606439","4323.63817872689","1.00034244067432","1.64011201670879","0.0023754326929283","0.152254138250783","1.36447117399336","1.53556719908996","1.63159579280376","1.73642632470459","1.96175167222841","4108.21110680825","1.00019258120703","2.17135903602029","0.00450320600154615","0.204340958145675","1.7892751970003","2.03054321210671","2.16599210779125","2.30602056694685","2.58411558283005","2059.05156097035","1.0018864267456","-0.129689971617773","0.000635070583330096","0.0311679643942767","-0.191048419386155","-0.151095840271143","-0.12904971213218","-0.109045586662365","-0.0678182183712406","2408.64549445989","1.00189614246948",NA,NA,NA,NA,NA,NA,NA,NA,NA,NA,NA,NA,NA,NA,NA,NA,NA,NA,NA,NA,"3670.89438260261","6.65017098297574"
"been","gen","FALSE",NA,"3.88409069014317","0.00273198393009576","0.148916369646385","3.59678888694253","3.78423237000564","3.88431626209161","3.98192259625504","4.1753595662199","2971.17751369483","0.999686014156131","0.0459394624527378","0.000622697101548747","0.0329177071344963","0.00207638993556685","0.0202109818625947","0.0401625954971038","0.0654308572092271","0.123654543873012","2794.50869746792","1.000038144727","6.29269692906895","0.00222383522417765","0.135137729182685","6.03757651048092","6.20123434848983","6.28977960346308","6.3835619940965","6.57132895650415","3692.73399036758","0.999286635282485","23.3802894137927","0.0921058861354939","5.52025766956083","14.8772471282921","19.4637890167839","22.6074592005854","26.5699288753174","36.0424571549595","3592.06286955808","1.00057301921072",NA,NA,NA,NA,NA,NA,NA,NA,NA,NA,NA,NA,NA,NA,NA,NA,NA,NA,NA,NA,NA,NA,NA,NA,NA,NA,NA,NA,NA,NA,NA,NA,NA,NA,NA,NA,NA,NA,NA,NA,"3329.01405379934","8.09979088515656"
"before","gen","TRUE",NA,"2.12174419396691","0.0051268684271341","0.265676611914791","1.64798957286961","1.93347731979885","2.10684314131675","2.29313231924772","2.68798573568905","2685.35869312647","1.00020947543899","0.86311157558174","0.00184506155105246","0.0958028680693498","0.64937879967564","0.799502557916453","0.88149849337258","0.940336113972397","0.993055594632187","2696.09570250529","1.00002965986413","5.61342493309234","0.00346639621867556","0.221675660015178","5.18574134379657","5.463260459382","5.61310204267144","5.76184805211997","6.05567505400758","4089.58854666442","1.00025219366755","18.5389789670437","0.108458052950137","6.03606729391419","9.67726508980503","14.1173935011506","17.6337709656248","21.9410616992674","32.6344835601584","3097.30902865845","1.00064536537107",NA,NA,NA,NA,NA,NA,NA,NA,NA,NA,NA,NA,NA,NA,NA,NA,NA,NA,NA,NA,NA,NA,NA,NA,NA,NA,NA,NA,NA,NA,NA,NA,NA,NA,NA,NA,NA,NA,NA,NA,"1261.27106443833","8.2436017283551"
"before","hurdle","TRUE","0","1.35003410223784","0.00412170996420558","0.218220732808943","0.976094263636873","1.19419297610911","1.32804523466012","1.49348583651167","1.81656022406454","2803.09078305497","1.00259041388269","0.78899468062941","0.00259445325426942","0.142020133156358","0.492359383805211","0.68823740372264","0.806423498563241","0.907622974623056","0.991464263483479","2996.45755769695","1.00103689682723","5.54414837611959","0.00364494925710686","0.237851263807106","5.0867665576347","5.38009867653496","5.5380094123923","5.70478735209921","6.01787587535027","4258.21860681067","0.999984367648506","9.32089941933748","0.0343653325283775","2.05494430093794","5.92237793074953","7.83263236920252","9.08431848019006","10.5973085670169","13.9347642374358","3575.68298988974","1.00159175730307","0.868824957416457","0.00952046721460272","0.484570851434096","-0.0511910353515941","0.548032406547353","0.861116741040304","1.19296797735506","1.83317258415939","2590.5862077765","1.00028407598776","-0.362401282144443","0.00185399031612685","0.0938433450956067","-0.551047820772837","-0.423353317464788","-0.360753515901583","-0.300852085459943","-0.183001114388325","2562.07617135458","1.00081304162691",NA,NA,NA,NA,NA,NA,NA,NA,NA,NA,NA,NA,NA,NA,NA,NA,NA,NA,NA,NA,"1229.31508249135","8.03473910125066"
"big","gen","TRUE",NA,"1.74531952223682","0.00219473671060969","0.128831019774982","1.50230728334616","1.65645851029153","1.73857015033972","1.83013110892116","2.00563666785219","3445.68865533836","1.00031472776027","0.413047989525377","0.0016664710817497","0.0883493587966957","0.269236021205561","0.352973868310547","0.401534215019066","0.462508651721764","0.618678206860745","2810.67894490653","1.00165400190701","5.58357855734844","0.0033240465696328","0.202323500052779","5.20114058841006","5.44399573023322","5.58284551402177","5.72459146971861","5.98298917792945","3704.74618597936","1.00193498607123","9.33765196598395","0.045751044918193","2.43657990853182","5.70597500344302","7.63870849284667","8.96253919335073","10.6155543883178","15.1042488066552","2836.3464848446","0.999559050317719",NA,NA,NA,NA,NA,NA,NA,NA,NA,NA,NA,NA,NA,NA,NA,NA,NA,NA,NA,NA,NA,NA,NA,NA,NA,NA,NA,NA,NA,NA,NA,NA,NA,NA,NA,NA,NA,NA,NA,NA,"1851.90928613842","8.23070793839297"
"big","hurdle","TRUE","-2","2.0469996161077","0.00911913621755758","0.447590910184655","1.16358830568415","1.74589811811377","2.05181916644637","2.34905085831874","2.92802245020657","2409.10156756659","1.00032951837053","0.301783503080502","0.00164454064342592","0.0774972563453398","0.150666572007031","0.250187540882052","0.303976342365465","0.353542578402787","0.452478096890674","2220.66696686","1.0003721611529","5.58294264286359","0.00319904471363038","0.20115865119754","5.20239868854618","5.44522316014967","5.57863096710718","5.72112230558812","5.97938708409681","3954.00131309427","0.999733152772858","9.42376932431747","0.0441436762192913","2.49071940303316","5.8749181200108","7.68383314822935","9.04838302616881","10.6231592433479","15.6179540539991","3183.55687107847","1.00104218302444","2.17620864423666","0.00995704905300245","0.415859452216368","1.39979476476252","1.89636214535283","2.15964261508947","2.45146196476748","3.02264955666907","1744.34289647942","0.999218097495771","-0.362722839848938","0.00152549477471517","0.0657153236813409","-0.500788588461073","-0.404700503736735","-0.360323682014297","-0.318603834956163","-0.240024223038876","1855.71746000451","0.999192208857679","2.35729656267755","0.0120313628693844","0.51508978331728","1.37909069033694","2.00508858670182","2.35837689227538","2.69474482127354","3.37792341627337","1832.88923622706","1.00028555602201","-0.646113515060515","0.00228439479116966","0.104632729120664","-0.853563331950913","-0.715954240650295","-0.643426604266984","-0.574419111830012","-0.450345910278549","2097.93864900694","1.00012189498652","1821.50844064588","8.09559306953725"
"but","gen","FALSE",NA,"0.212166119766179","0.000346995666788915","0.017914709147145","0.17859675132975","0.199975392356848","0.211485133690843","0.224152551718649","0.248967363836489","2665.45540170163","1.00000953066012","0.947994533879788","0.000764171048931955","0.0389928591995363","0.858338643745743","0.924401042395103","0.955307413633432","0.979778589718112","0.997311766701845","2603.68836719474","1.00031849306699","3.79167324653279","0.00135918736198104","0.0828224249022662","3.63157132603686","3.73586795470814","3.79023051449146","3.84713630975357","3.95853742575471","3713.10497976699","0.999630912403093","1.47066209216048","0.00127057031474407","0.0753135916491265","1.32768854411593","1.41934203393131","1.46861624746028","1.52092658832469","1.62583215017077","3513.57565906289","0.999243310319989",NA,NA,NA,NA,NA,NA,NA,NA,NA,NA,NA,NA,NA,NA,NA,NA,NA,NA,NA,NA,NA,NA,NA,NA,NA,NA,NA,NA,NA,NA,NA,NA,NA,NA,NA,NA,NA,NA,NA,NA,"10892.8676136586","5.76342201780881"
"by","gen","TRUE",NA,"2.8677330500035","0.00364441497632697","0.163684624127238","2.57368862629146","2.75715515667535","2.86297401751375","2.96710038878504","3.18776585618479","2017.2518647647","1.00117290747663","0.36477592202494","0.00202508721839407","0.0803232465242102","0.234202198823613","0.312662605661012","0.358398288919335","0.40668200428689","0.536990609504049","1573.24022496654","1.00097843834182","5.54715120718684","0.00254296285587072","0.171705281099749","5.21818171072477","5.4278235512467","5.54722202624549","5.66289159793719","5.88806753896384","4559.18560182724","0.999209343801296","9.93831724866261","0.0346884322931121","2.19510618949609","6.61356541772931","8.34451200114112","9.63486288682783","11.2329363033479","14.8168072973895","4004.43937469763","1.00053617666888",NA,NA,NA,NA,NA,NA,NA,NA,NA,NA,NA,NA,NA,NA,NA,NA,NA,NA,NA,NA,NA,NA,NA,NA,NA,NA,NA,NA,NA,NA,NA,NA,NA,NA,NA,NA,NA,NA,NA,NA,"2609.59580313886","8.28443112107574"
"ca","gen","FALSE",NA,"1.72704571658395","0.00174215123455878","0.0993640927579943","1.53359579741706","1.66027418745791","1.72673922943955","1.79186533744068","1.92437518661627","3253.02377312779","0.999962584299713","0.0546432956354655","0.000642122173900222","0.0350869837079124","0.00328686407187109","0.0273562617183693","0.0502242966776748","0.0758945808914048","0.132560769546673","2985.7726515443","1.00049450258033","5.65693785695475","0.00274824098852282","0.162628226185131","5.34394355647177","5.54879578179403","5.65406620492974","5.76516071642112","5.97958773829662","3501.72651789717","1.00040994799092","23.4955482909897","0.115198888800627","6.67900985364055","13.5114217378312","18.6751004815237","22.3665646771025","27.2451782111227","39.2631277784887","3361.45721980206","1.00049568655921",NA,NA,NA,NA,NA,NA,NA,NA,NA,NA,NA,NA,NA,NA,NA,NA,NA,NA,NA,NA,NA,NA,NA,NA,NA,NA,NA,NA,NA,NA,NA,NA,NA,NA,NA,NA,NA,NA,NA,NA,"2032.92792698818","7.58555196637382"
"ca","hurdle","FALSE","1","0.547103292427845","0.00508800067295883","0.28443608974083","0.106677876450839","0.336797048290011","0.509612846663297","0.728108864923058","1.18119970410204","3125.1803071649","0.999886201488095","0.261404599242309","0.00094960601786499","0.0531755199179043","0.149934371184671","0.227133143224592","0.264757823836567","0.298205088856347","0.359074689591814","3135.71492694179","1.00063387305199","5.65242699231765","0.00257823863147026","0.165138554209854","5.33351534975237","5.54173279923443","5.65187021025925","5.76495571804381","5.9806896700012","4102.52024774321","1.00163808746048","23.6470653022948","0.117631457190538","6.75135483288041","13.7387484830166","18.865986535421","22.5732380608351","27.3396582505243","39.9910151915312","3294.08585282439","1.00062175260413","2.18985323810663","0.00848678499176418","0.379701593665706","1.44586486201541","1.93731512838981","2.18377226748217","2.43774148860443","2.94699061554239","2001.69747112224","1.00058825429684","-0.349767269946356","0.00143403986983423","0.0628983994487886","-0.476337042844504","-0.392496248563061","-0.349163800114015","-0.307502395089987","-0.227760075361983","1923.78589681076","1.00088170448581","1.13307974500142","0.0153607043856693","0.667572707739732","-0.16250298342515","0.69053226277548","1.12904289739867","1.59233618277318","2.42403746840941","1888.75176746171","1.00090011003665","-0.56032960621527","0.00308968422334582","0.138946535334727","-0.841641314688071","-0.649170866661736","-0.556666503790733","-0.465947231679416","-0.302922789966961","2022.40091690387","1.00084123858998","1941.88351866261","7.24583402486049"
"call","gen","FALSE",NA,"4.19676535634837","0.0154160996703744","0.55220828116944","3.36281353979465","3.80442486376875","4.09698097294364","4.49555260386055","5.50756553247126","1283.08908764523","1.00447624013998","0.636330933693943","0.00475606260249046","0.179129026728461","0.321962968508131","0.498446017004291","0.624346127147187","0.770017561991767","0.972618363290964","1418.5243903974","1.00354839127116","5.46242757496594","0.00366256652701279","0.225939492840483","5.0165798748418","5.31022852191708","5.46060043540354","5.61251007872947","5.91283779863618","3805.51339711618","0.999344116941183","14.7201201965492","0.0847630692651594","4.7120871926911","7.87294828972899","11.3511142466988","13.9188145913072","17.2799874057495","26.1027428040618","3090.38998641224","1.00104637978679",NA,NA,NA,NA,NA,NA,NA,NA,NA,NA,NA,NA,NA,NA,NA,NA,NA,NA,NA,NA,NA,NA,NA,NA,NA,NA,NA,NA,NA,NA,NA,NA,NA,NA,NA,NA,NA,NA,NA,NA,"1280.2055452811","8.15417544765035"
"came","gen","FALSE",NA,"2.74480564078235","0.00336667841476546","0.206660876839576","2.35948730980529","2.60324953820083","2.7384568772128","2.87776138797829","3.16283075498247","3768.02058185775","0.999630235195551","0.359526370524871","0.00176596945545576","0.100495494370377","0.197140080180549","0.289121223680594","0.347994133488481","0.415458164371486","0.58954614677031","3238.37252806509","1.00067686617316","5.75334479652451","0.00335449540487365","0.217346707327129","5.34938107347512","5.60676644713609","5.74391974702961","5.89171904522696","6.18845032999812","4198.08983627856","0.999812444931547","16.8446123577813","0.0951473933660138","5.30816822820404","9.22095380508992","13.1056046056182","15.9489826008736","19.4319546052458","29.8083270555047","3112.40114561483","1.00075780754906",NA,NA,NA,NA,NA,NA,NA,NA,NA,NA,NA,NA,NA,NA,NA,NA,NA,NA,NA,NA,NA,NA,NA,NA,NA,NA,NA,NA,NA,NA,NA,NA,NA,NA,NA,NA,NA,NA,NA,NA,"1399.32460801551","8.23132122362062"
"can","gen","FALSE",NA,"2.124807540313","0.00127925597195124","0.0827154148518646","1.96620511804406","2.07067306758103","2.12209126783836","2.1794324308776","2.29137930359349","4180.78658037036","0.999881342042315","0.435485623517836","0.000836586086404053","0.0489499081379357","0.350062522683384","0.401982048477524","0.431086729473103","0.466207086412721","0.541775726653489","3423.59582015365","1.00085920715556","5.7153061911016","0.0014954707678005","0.101266439489064","5.52370551688337","5.64575617425965","5.71469473697965","5.78362300460304","5.91241641013566","4585.37886193366","1.00169485754435","20.1873504216143","0.0628324085052058","4.07707850865606","13.7657798054666","17.2904774295101","19.6268538106271","22.503284733881","29.8342980249177","4210.47151618232","1.00044910075941",NA,NA,NA,NA,NA,NA,NA,NA,NA,NA,NA,NA,NA,NA,NA,NA,NA,NA,NA,NA,NA,NA,NA,NA,NA,NA,NA,NA,NA,NA,NA,NA,NA,NA,NA,NA,NA,NA,NA,NA,"6042.97983546856","8.21057042862576"
"can","hurdle","FALSE","1","1.98889094983419","0.00423516122801172","0.239570385293818","1.52163507574766","1.82665590507495","1.99060621788692","2.14847930690594","2.46140856184447","3199.82602616917","0.999208883112901","0.330531580606945","0.000648408220654134","0.0368765258695691","0.25764722202588","0.30575472517794","0.331035162724169","0.355723391975845","0.400351938707128","3234.46886102378","0.999551309182917","5.70925843316388","0.0015236964577976","0.100378746399287","5.51342903835618","5.64348625062778","5.70807457416469","5.77431003715536","5.90632030836247","4339.96891961691","1.00079586265279","20.3122231952499","0.0728689500712333","4.45558965875337","13.6761966892709","17.1908554466308","19.6324636701734","22.6900128933593","30.7087332160823","3738.74074067809","0.99949412046299","1.14066491473303","0.00441049558632762","0.210940957862119","0.727596981228201","0.994976657523156","1.13706415241257","1.28641319540029","1.55104625712215","2287.42595111125","1.00428735134859","-0.285102112671749","0.000748346166454767","0.0365299826608912","-0.357035421649265","-0.309162232262351","-0.284304913355856","-0.260869597025279","-0.216171776276139","2382.8343695619","1.00328444522546","0.43819063912446","0.00671859744776996","0.317673108040766","-0.19285022113413","0.221342880029938","0.44009304132023","0.650004216542488","1.0722190524359","2235.64922223459","1.00171203049168","-0.413684522640655","0.00129155597905572","0.0634261778769562","-0.540913281821302","-0.45567999319278","-0.412931770672902","-0.370311971965097","-0.293019724398486","2411.62964526782","1.0014715759664","6064.8469808681","8.24028122400557"
"cause","gen","FALSE",NA,"0.113189893495598","0.000381199756760727","0.0211074888893726","0.0768144769599699","0.098215590516634","0.11166811266901","0.126306861117701","0.158144327784624","3065.97005607692","1.0001603550927","0.796836900848391","0.00262474042617284","0.137158996535547","0.511138745318758","0.699275771838461","0.814309282007434","0.912483417369314","0.991554874253469","2730.71186701211","1.00032856080128","5.02879241840825","0.00231739637340186","0.131545815776154","4.77253592813203","4.9398285837015","5.02948732010832","5.11703138096933","5.28082261140443","3222.20695813108","1.00026920842796","5.6247144433765","0.0150951526103075","0.801474110888135","4.24310401873916","5.08122733409382","5.54833405862181","6.08906817827232","7.42170485315352","2819.05780163262","1.00110232612302",NA,NA,NA,NA,NA,NA,NA,NA,NA,NA,NA,NA,NA,NA,NA,NA,NA,NA,NA,NA,NA,NA,NA,NA,NA,NA,NA,NA,NA,NA,NA,NA,NA,NA,NA,NA,NA,NA,NA,NA,"3158.61605010293","5.69120009027554"
"come","gen","TRUE",NA,"2.79376331648747","0.00232197537869984","0.151878083552765","2.5049331807848","2.68805881838968","2.78999173170565","2.89697924649671","3.09928838572649","4278.33705605979","0.999646774374913","0.361803899668248","0.0011355656072681","0.0702706609814196","0.237488496507697","0.311990270248363","0.358100359046284","0.405519897517106","0.512905374539172","3829.33724659486","1.00041446285092","5.71539163028485","0.0027600415147324","0.183079377775157","5.36531235724497","5.59014797183108","5.71377262260661","5.8372630728155","6.08693048328409","4399.94883701686","1.00038482162795","6.77509984719158","0.0198970726851211","1.26294890460948","4.74296996942143","5.88955768042638","6.63739298106514","7.46279010866108","9.64730399644488","4028.96215741029","0.999778954976836",NA,NA,NA,NA,NA,NA,NA,NA,NA,NA,NA,NA,NA,NA,NA,NA,NA,NA,NA,NA,NA,NA,NA,NA,NA,NA,NA,NA,NA,NA,NA,NA,NA,NA,NA,NA,NA,NA,NA,NA,"2756.86411081089","8.48265880249505"
"come","hurdle","TRUE","-2","3.7786025086695","0.00620979422914303","0.33307177334857","3.12706068995073","3.55310987063382","3.78440517079045","4.00463317425569","4.41611341914116","2876.87664015769","1.00041681890023","0.12187564225511","0.00120913041263323","0.0617485141274719","0.0171482273493131","0.0774367912942117","0.118850301532181","0.162682208813121","0.254959310410514","2607.99487259363","0.999879675658565","5.71357747896322","0.00272651132309351","0.181071597762817","5.37106171697387","5.5895489068132","5.71190259029021","5.82924238492601","6.08288301002912","4410.48202369871","0.999533771765429","6.78393319760414","0.0187527521857022","1.2145209527683","4.84573726030039","5.94909379214204","6.63886389422632","7.4395357332479","9.66965635177151","4194.49802392471","1.00015117145139","1.24757912354345","0.00575074956324079","0.296772118839465","0.698105626630213","1.03966934104495","1.23781664906811","1.4431921116277","1.85958902762536","2663.16015558947","1.00003392099008","-0.356108551753505","0.0010528129050657","0.0537765531341311","-0.464861824272026","-0.39164418403375","-0.354737465513055","-0.318135459532166","-0.255279233770883","2609.05674578579","1.00042113747994","0.181019123898442","0.00839977189038637","0.433900166913322","-0.68327943720683","-0.10459513437499","0.177036164872303","0.471030369122141","1.04012883395757","2668.36140184083","1.00004786953905","-0.456277179930121","0.00177998923822779","0.0953789099203151","-0.648904774645741","-0.516625366381682","-0.4530194890286","-0.390654752773102","-0.279304720501791","2871.24304382572","1.00054434013669","2792.09749055795","8.59106920171678"
"could","gen","FALSE",NA,"1.9189083534974","0.00136191259783472","0.0888690195701656","1.74587587515562","1.8593710729709","1.91807235262099","1.97651880756128","2.09869597505029","4257.96712020985","1.00019415890759","0.335665341027281","0.000728719917778743","0.0470757652380655","0.247671924882198","0.303413260610192","0.333447094447329","0.366174674528208","0.433461866313966","4173.24129994815","1.00003581597425","5.77383193183605","0.00210276589336441","0.135876728850931","5.51135598929206","5.68236841367563","5.77134830052838","5.86549064534523","6.0426360732766","4175.49836065672","1.00054458071347","12.9754150196795","0.0466777397822031","2.6751307745942","8.81313015065118","11.0791873925506","12.589986597104","14.5121856876934","19.2046528790753","3284.50855827473","1.00019979685061",NA,NA,NA,NA,NA,NA,NA,NA,NA,NA,NA,NA,NA,NA,NA,NA,NA,NA,NA,NA,NA,NA,NA,NA,NA,NA,NA,NA,NA,NA,NA,NA,NA,NA,NA,NA,NA,NA,NA,NA,"3867.66781486622","8.22908045716218"
"could","hurdle","FALSE","1","1.3533009360138","0.00542308388197408","0.299027170825711","0.782548232356431","1.14888158988001","1.35315657066138","1.55811630112501","1.92210306899499","3040.38555014501","0.999572553171044","0.335901257954197","0.000811843390951303","0.0450920664224595","0.246052185439975","0.305581234614353","0.336868156120614","0.366527649019368","0.422930246250591","3085.00418180097","0.999403559152016","5.77397760937912","0.00205363963928815","0.133122117272209","5.52409730823792","5.68149136333878","5.77012298829404","5.86534653957845","6.03040845838933","4201.96040477131","1.00232387659983","13.0185186814956","0.045708322075603","2.6562528040298","8.93911398929176","11.1454887480564","12.6517052884619","14.4800996137587","19.2718919637847","3377.13369457649","0.999713307101402","1.08070830538483","0.00558096732666763","0.254162098319684","0.594694510629849","0.906896768363368","1.07228753392608","1.25320126112479","1.59027043025533","2073.97069056591","1.00236537306432","-0.238242503010255","0.00088923194974258","0.041574291117164","-0.322110477575753","-0.26563052738461","-0.237192254981976","-0.20851245254326","-0.161092028256848","2185.84613951507","1.00229425411199","1.02444948619248","0.00880135747659246","0.394051523641559","0.252263670911112","0.76431639867714","1.02465620901382","1.28796083752544","1.79400113428367","2004.50295495418","1.00266344102223","-0.511577246259481","0.00180299375853559","0.0834168086485921","-0.678416947287823","-0.566836039024413","-0.510143971186861","-0.455169879050519","-0.3527218430922","2140.51706546034","1.00312443593916","3852.79090607793","8.19742745974028"
"day","gen","TRUE",NA,"1.08269840717202","0.0027456697765528","0.137959313128317","0.827628108416505","0.985197361321548","1.07745658222385","1.17493868438445","1.36375605616346","2524.67477309369","1.001128925768","0.894691528439856","0.0016249468008115","0.0758333143040087","0.722476890673829","0.845564206944841","0.908798328993453","0.956421763546978","0.996467222092156","2177.91928375552","1.0012310826304","6.20746510199697","0.00443686058342221","0.247281122136181","5.7317917011674","6.03962230107297","6.21062349482809","6.37302501011658","6.69835408268392","3106.20676295363","0.999506581709574","8.53175206943353","0.0413696509275767","2.16170613098387","5.29747780167729","7.03223406877302","8.18045374739594","9.66618944954899","13.5717953939799","2730.42087632335","1.00007146205165",NA,NA,NA,NA,NA,NA,NA,NA,NA,NA,NA,NA,NA,NA,NA,NA,NA,NA,NA,NA,NA,NA,NA,NA,NA,NA,NA,NA,NA,NA,NA,NA,NA,NA,NA,NA,NA,NA,NA,NA,"1528.87021171939","8.21973232107201"
"did","gen","FALSE",NA,"1.57399996989932","0.000746233054433125","0.0472400426731771","1.48252163885039","1.54238161772573","1.57436603512517","1.60622825559594","1.66660192758533","4007.48216325475","0.999696021129375","0.339596251399428","0.000417279929053816","0.0286854454237981","0.287596757922948","0.318856410474166","0.338379980990696","0.359003258288006","0.397678001184995","4725.72237335881","0.999640843280807","5.49468568808519","0.0012644465249787","0.0836440499590778","5.33016285980492","5.438686165181","5.49518860547447","5.55106657100713","5.65488004389945","4375.91795848294","0.999470480547268","10.1827744891381","0.0188695993286404","1.19002432814426","8.15449149784702","9.35643348626777","10.0674731255808","10.8935019602983","12.7827387553487","3977.2814320446","0.999421248532987",NA,NA,NA,NA,NA,NA,NA,NA,NA,NA,NA,NA,NA,NA,NA,NA,NA,NA,NA,NA,NA,NA,NA,NA,NA,NA,NA,NA,NA,NA,NA,NA,NA,NA,NA,NA,NA,NA,NA,NA,"9962.52207986157","8.05377694410798"
"did","hurdle","FALSE","1","0.763349421462699","0.00473218653689581","0.228055010753402","0.307305419255885","0.60807436731642","0.764918421633717","0.917178822110838","1.19578680173525","2322.49895067449","1.00183931603296","0.358977853373955","0.00055347083614542","0.0285859170441296","0.303255553765457","0.339468507729795","0.359524737967896","0.378444786386466","0.414510629918068","2667.56355144641","1.00121213435179","5.4952132046359","0.00122569125626971","0.0830658889032734","5.33615421943294","5.43867488071958","5.49487525418182","5.55087356959677","5.65887217917134","4592.86053327349","0.99961234528481","10.2108102019662","0.0194852745763011","1.20865576685","8.16706098544325","9.37942898836427","10.0976112746694","10.9330726349013","12.9396564077483","3847.62020802925","0.999239914868471","0.837454192403341","0.00314126124791977","0.14507216921506","0.546693731162061","0.742130740693459","0.83780612367478","0.936179361430961","1.11659745065464","2132.8489356447","1.0005010124931","-0.171112683008523","0.00049522339140706","0.0232977555861522","-0.217289428543006","-0.186795436763416","-0.170870697952736","-0.155400390450503","-0.125300593011985","2213.2265412532","0.999936924233768","0.610816728969185","0.0037272727360055","0.176788076983566","0.258838136852177","0.494715749651352","0.611436594119204","0.728594388185836","0.965176599276558","2249.69476863085","1.00121985536719","-0.264337530224857","0.000671128615555347","0.032066291340886","-0.329488584112212","-0.285465780651235","-0.263751022685539","-0.24208917906558","-0.201698827114068","2282.89509432527","1.00105365620599","10033.867602347","8.11145319510669"
"different","gen","TRUE",NA,"1.77213116992312","0.00602727473772302","0.237419145158806","1.40156342660172","1.60380176603872","1.73772824104779","1.90954659168399","2.31381904847765","1551.63475107653","1.00161740835804","0.698310583990706","0.0038560392045102","0.152889083222587","0.437700819516039","0.576235558620171","0.68889613695717","0.817539035381535","0.982193772321728","1572.06345316878","1.00227182462654","5.37866352066598","0.00377078549786084","0.219676163307406","4.97152103318695","5.22591794501482","5.37285936917012","5.51728362822598","5.82870990609865","3393.92478590694","1.00003918050081","10.3210880744295","0.0645590004402162","3.11444762039802","5.99173260525251","8.21676615104039","9.75222731127324","11.8199697125094","17.7771831552727","2327.27908792117","1.00064399736673",NA,NA,NA,NA,NA,NA,NA,NA,NA,NA,NA,NA,NA,NA,NA,NA,NA,NA,NA,NA,NA,NA,NA,NA,NA,NA,NA,NA,NA,NA,NA,NA,NA,NA,NA,NA,NA,NA,NA,NA,"1398.51848109945","8.13092140174098"
"different","hurdle","TRUE","-2","3.3721258490213","0.0112354847511285","0.597525117183752","2.18860396789694","2.960637416833","3.37423561047024","3.76538705474973","4.55166496633984","2828.32102629324","0.999372798745806","0.306496568903559","0.00208835712278335","0.112821364734175","0.0948809488397181","0.228159877577002","0.302415967904938","0.380121698000828","0.53943340624528","2918.59048230374","0.999602043418247","5.38040578347459","0.00343594336892043","0.216300524642318","4.96843294153885","5.22929681615347","5.37406384927958","5.51903808411914","5.827552508179","3962.99159522606","1.00060007231562","10.2727340228493","0.053142284736054","3.02508102047846","5.94157834018592","8.17433597064","9.78154799984347","11.791808848693","17.8456885939245","3240.36235126369","0.999784356008146","2.7552440789847","0.0137885258579556","0.529110854102372","1.74225777768706","2.39400066033557","2.74370034724188","3.10198312585011","3.82242411730026","1472.50800886183","1.0032297211282","-0.440713713230122","0.002189860095186","0.0869640898543477","-0.616297662347815","-0.499010675110475","-0.437971135182807","-0.380596664666738","-0.273090323119239","1577.05620956539","1.00266253422962","2.16208171148198","0.0150111295535996","0.585780381181554","1.01767331136479","1.75752187683988","2.15536819451252","2.55049283897452","3.32780514424937","1522.80010573615","1.00480238246235","-0.467963425442086","0.00254197450028637","0.103446801044265","-0.679450302275175","-0.53626373498291","-0.466599951484708","-0.396972689781897","-0.271581195746174","1656.11980652459","1.00464642697691","1371.44205116734","7.97350029748451"
"do","gen","FALSE",NA,"2.02278878035974","0.000894846068938636","0.0503220046680685","1.92848006256871","1.98852883724194","2.02146890847169","2.05600591883254","2.12686607013769","3162.41745342872","1.00132800393769","0.587588733082813","0.000661783396581285","0.0345318990588389","0.525808992468007","0.563022039501296","0.585581212769714","0.609752375891885","0.661054412694031","2722.75893255937","1.00081433128253","5.89191263213374","0.000925058067646584","0.0575848977966509","5.77935105156648","5.8546137853506","5.89137352248988","5.93001277435845","6.0069501062836","3875.06695287153","0.999969800087345","11.934359022371","0.016786979189068","0.957289042541589","10.2472612888766","11.2699719697655","11.847605382498","12.5437441419985","14.0605674857878","3251.92912477892","1.00016310302984",NA,NA,NA,NA,NA,NA,NA,NA,NA,NA,NA,NA,NA,NA,NA,NA,NA,NA,NA,NA,NA,NA,NA,NA,NA,NA,NA,NA,NA,NA,NA,NA,NA,NA,NA,NA,NA,NA,NA,NA,"22647.7477025439","8.42550137743449"
"do","hurdle","FALSE","1","3.14343883336258","0.00191436770103474","0.12895238695044","2.88812044072268","3.05978765854047","3.14549259839641","3.23155238747374","3.38926331627101","4537.4103185852","0.999410121194692","0.313670991723487","0.000341983106138254","0.02293230313908","0.26997546462819","0.297219007015966","0.313660435631298","0.329506782430003","0.358880371383135","4496.61849980484","0.999556509298657","5.89161276368256","0.000714931531067759","0.056782077251015","5.78361697938406","5.85266993024945","5.89205470453263","5.92980555408536","6.00117375715788","6308.02853940571","0.999724913221444","11.9715640900073","0.01348468418391","0.98448048604803","10.2052350298616","11.2820414956242","11.9111160739641","12.6062567130419","13.9852142061352","5330.06696239958","0.999800089089998","0.707527125728138","0.00186379443230034","0.102991273255054","0.506898930001596","0.636317259864543","0.70731294552839","0.778615624941105","0.905969104358962","3053.54858492081","1.00039142632411","-0.161905394681563","0.000286777128777477","0.0159531708835208","-0.192977030257265","-0.172748632745305","-0.161697603716394","-0.150902250492601","-0.131233139010277","3094.60348203978","1.00000808462339","0.569334975605602","0.00262042335922406","0.140679131559049","0.303115913635272","0.475582561681938","0.57006463242744","0.662451685418282","0.853537848641062","2882.14902591714","1.00061354096584","-0.337713387208043","0.00048484102790364","0.026870401360743","-0.390555538774949","-0.354996474626741","-0.337855011679972","-0.319131408680361","-0.286900575826765","3071.49335721144","0.999876294260935","22690.7571966492","8.44150193327724"
"does","gen","FALSE",NA,"1.50121171206395","0.00123092079631331","0.0811281523517766","1.34846179554728","1.44500553201129","1.49945145056491","1.55421476983164","1.67009827608731","4343.93134117921","0.999486190485903","0.383072511744987","0.000953375830721046","0.0553357338361751","0.285221795694637","0.345472156799583","0.37909952057509","0.416852242246427","0.501623359608976","3368.8608414516","1.00052219221259","5.47310005081601","0.00194020942087044","0.135910850712865","5.21752653337658","5.38263471682406","5.47289890883124","5.56173917942091","5.73788921688669","4906.94334543143","1.00011613008638","11.0518361517802","0.0372058727348943","2.30160380794339","7.52023818987253","9.39907008830286","10.7637459911523","12.3681469427866","16.5049098283581","3826.82094623024","1.00020061551231",NA,NA,NA,NA,NA,NA,NA,NA,NA,NA,NA,NA,NA,NA,NA,NA,NA,NA,NA,NA,NA,NA,NA,NA,NA,NA,NA,NA,NA,NA,NA,NA,NA,NA,NA,NA,NA,NA,NA,NA,"3554.76087533568","8.0424454193115"
"does","hurdle","FALSE","1","1.44814663283672","0.007315939171993","0.364014687661636","0.708773504363553","1.2115616365374","1.45120449294128","1.70501805944268","2.14763841706447","2475.69786980553","1.00010248861379","0.307234897872028","0.00104764364571094","0.0553931380678919","0.197278406719356","0.270342844528143","0.307208132652883","0.344731019149582","0.413887929274533","2795.66269669509","0.999496034727327","5.47631650460791","0.00200869895490937","0.138639308540693","5.21088992963646","5.38246213812042","5.47373046498354","5.56667409554766","5.75458408292721","4763.68526565265","0.999216940216175","11.0402785147422","0.0395663995492944","2.29858462458449","7.59886906612166","9.43127045762146","10.7363035350496","12.2717227960095","16.6785723894667","3374.95456180542","1.00125443054123","1.10921848504036","0.00542690039210259","0.256689425225712","0.615844019285024","0.930924768626178","1.10651218347403","1.27929993096908","1.62433277167149","2237.23834463438","1.00006138322009","-0.212461245715505","0.000853879589224274","0.0415144525906755","-0.295164495331227","-0.240658204269455","-0.211915389438403","-0.184282321746164","-0.132809391204838","2363.77081612287","0.999822468789267","0.808429622582518","0.00601696671754844","0.286363249092627","0.251346654368345","0.613829023396152","0.804753648462058","1.00346716714506","1.3816197858765","2265.05808833194","1.00012373929297","-0.251107919007988","0.00100635613447443","0.0491938249210438","-0.352148887789121","-0.283408201503311","-0.250392379745527","-0.217232314590508","-0.155902034081013","2389.5591524924","0.999906268587439","3591.99202000876","8.12667877830036"
"doing","gen","TRUE",NA,"1.65722606034006","0.0042456396227684","0.161603588520127","1.40001621523563","1.54937893478801","1.63327653144276","1.74094604512823","2.06175254832882","1448.82437942454","1.00476279911407","0.63327432885642","0.00362898876584364","0.134867763592096","0.425007383626505","0.535994877055944","0.610168869893524","0.711260909972158","0.95215853353178","1381.16341005652","1.00224638141021","6.23437633987784","0.0032334111017028","0.180529284700764","5.88410046191515","6.11514146896919","6.2338790076807","6.35318626543028","6.59263383660047","3117.26319945727","1.00035335125728","16.3415688963146","0.0826687143268886","4.42938076717292","9.92122159082276","13.2247741363412","15.5960361482523","18.6985263902721","26.6240142362359","2870.80480308715","1.00110067053023",NA,NA,NA,NA,NA,NA,NA,NA,NA,NA,NA,NA,NA,NA,NA,NA,NA,NA,NA,NA,NA,NA,NA,NA,NA,NA,NA,NA,NA,NA,NA,NA,NA,NA,NA,NA,NA,NA,NA,NA,"2253.18952049566","8.40742358393902"
"down","gen","TRUE",NA,"1.76726389429128","0.00468543776043532","0.179848902644015","1.4614073082763","1.63126075395799","1.75496871521004","1.89362913494101","2.12798699445163","1473.38158685791","1.00000169196088","0.801293163584051","0.00297008523698013","0.11783791011819","0.573109570588002","0.711918819408943","0.803253724788639","0.900366711848526","0.9911168513371","1574.09970307404","1.00025720987555","5.76012425335807","0.00285807189584948","0.153251875100594","5.46931539493748","5.65570986346148","5.75794296576677","5.86040090353948","6.06685298459314","2875.18169711996","1.00041099036767","10.0649363900946","0.0388406591810289","1.97367184781587","7.01670103213479","8.66492187077324","9.768908497921","11.2250904039765","14.6288309978752","2582.12170962947","1.00200292892445",NA,NA,NA,NA,NA,NA,NA,NA,NA,NA,NA,NA,NA,NA,NA,NA,NA,NA,NA,NA,NA,NA,NA,NA,NA,NA,NA,NA,NA,NA,NA,NA,NA,NA,NA,NA,NA,NA,NA,NA,"3470.24314583748","8.34193063903241"
"em","gen","TRUE",NA,"1.25710861783453","0.00234280840673318","0.111226032994117","1.0540394289779","1.17517035213165","1.25271579136726","1.33431462088304","1.48063114471251","2253.92441663305","1.00146311198969","0.898724651625651","0.00156591788709572","0.0708911658957385","0.737772749858415","0.854386266037791","0.910394667609775","0.955453855503617","0.995117120663221","2049.49219108256","1.00044281557817","5.95611179424767","0.00250452627594044","0.139486520385557","5.69081565561792","5.86124948980995","5.95704038029212","6.05054985731859","6.2304415991522","3101.79646219712","1.00066216765615","16.1354487550897","0.0702611382320196","3.84176295666714","10.4157347724676","13.435299495325","15.5822714275905","18.1885562106677","25.2870654094931","2989.72172372987","1.00097080533773",NA,NA,NA,NA,NA,NA,NA,NA,NA,NA,NA,NA,NA,NA,NA,NA,NA,NA,NA,NA,NA,NA,NA,NA,NA,NA,NA,NA,NA,NA,NA,NA,NA,NA,NA,NA,NA,NA,NA,NA,"3338.07207255591","8.00496899893503"
"em","hurdle","TRUE","-1","2.20120428659425","0.00338481167666763","0.204607704317032","1.80861346319671","2.06405972669163","2.1994745244675","2.33663405699385","2.61198143534614","3654.05385812018","1.00058004366949","0.33261202014067","0.00101634280208442","0.0619961773646472","0.215532088977971","0.290675998417803","0.332419534704844","0.372877217276709","0.458267548697604","3720.91194497009","0.999917444340701","5.92945830433733","0.0022729153205028","0.150096644023672","5.63254209877993","5.83232679198001","5.92904768985533","6.02947765304894","6.2285084168225","4360.89321376095","1.00043009866615","11.0426982479093","0.0283490858189765","1.76893706386385","8.0019596657255","9.77582218824813","10.8805408884919","12.1289949482953","14.8327959998095","3893.5579775244","0.999760478617772","1.2478938559285","0.00515622408957851","0.261569324277238","0.744732598275914","1.06537864932809","1.24676776618939","1.4183580812236","1.77911769439102","2573.41633783726","1.00088287759816","-0.236422878049213","0.000831912428431242","0.0424583119867548","-0.319892524521127","-0.265056139189528","-0.236357717185183","-0.207157740991136","-0.154346984295165","2604.77504715202","1.0010640786573",NA,NA,NA,NA,NA,NA,NA,NA,NA,NA,NA,NA,NA,NA,NA,NA,NA,NA,NA,NA,"3336.08880214931","8.00021295479451"
"even","gen","FALSE",NA,"2.23077433951576","0.00699978323400777","0.193756056508805","1.91685981319166","2.10566014256054","2.21373119787979","2.33502138592756","2.68222334888584","766.198665290541","1.00658082395161","0.466903897264044","0.00530755572583485","0.13955982435508","0.266962290696183","0.375217360622191","0.441244894088834","0.526333736400495","0.878035192072185","691.403705943056","1.00304818775355","5.98229569151609","0.00310924402803892","0.19433610293215","5.60531253167762","5.85375751127914","5.97774926018444","6.1118770571383","6.37641907859322","3906.58574717389","0.999548953519786","13.2596299615646","0.0620065095343685","3.70560168415169","7.89674363558107","10.5445619805933","12.6718750572926","15.2347951916341","22.1331260219604","3571.43623576311","0.999660677559745",NA,NA,NA,NA,NA,NA,NA,NA,NA,NA,NA,NA,NA,NA,NA,NA,NA,NA,NA,NA,NA,NA,NA,NA,NA,NA,NA,NA,NA,NA,NA,NA,NA,NA,NA,NA,NA,NA,NA,NA,"2033.30530902165","8.54329961773803"
